{
  "auth": {},
  "document": {
    "version": "1.0.0"
  },
  "global": {
    "id": "payment-terms",
    "name": "Payment Terms",
    "extension": "pterms",
    "description": "Document model for managing payment terms, milestones, and contract clauses",
    "author": {
      "name": "Powerhouse",
      "website": "https://www.powerhouse.inc/"
    },
    "specifications": [
      {
        "version": 1,
        "changeLog": [],
        "state": {
          "global": {
            "schema": "enum PaymentTermsStatus {\n  DRAFT\n  SUBMITTED\n  ACCEPTED\n  CANCELLED\n}\n\nenum PaymentCurrency {\n  USD\n  EUR\n  GBP\n}\n\nenum PaymentModel {\n  MILESTONE\n  TIME_AND_MATERIALS\n}\n\nenum MilestonePayoutStatus {\n  PENDING\n  READY_FOR_REVIEW\n  APPROVED\n  PAID\n  REJECTED\n}\n\nenum BillingFrequency {\n  WEEKLY\n  BIWEEKLY\n  MONTHLY\n}\n\nenum EvaluationFrequency {\n  WEEKLY\n  MONTHLY\n  PER_MILESTONE\n}\n\ntype Milestone {\n  id: OID!\n  name: String!\n  amount: Amount!\n  expectedCompletionDate: Date\n  requiresApproval: Boolean!\n  payoutStatus: MilestonePayoutStatus!\n}\n\ntype TimeAndMaterials {\n  retainerAmount: Amount\n  hourlyRate: Amount\n  variableCap: Amount\n  billingFrequency: BillingFrequency!\n  timesheetRequired: Boolean!\n}\n\ntype Escrow {\n  amountHeld: Amount!\n  proofOfFundsDocumentId: String\n  releaseConditions: String!\n  escrowProvider: String\n}\n\ntype EvaluationTerms {\n  evaluationFrequency: EvaluationFrequency!\n  evaluatorTeam: String!\n  criteria: [String!]!\n  impactsPayout: Boolean!\n  impactsReputation: Boolean!\n  commentsVisibleToClient: Boolean!\n}\n\ntype BonusClause {\n  id: OID!\n  condition: String!\n  bonusAmount: Amount!\n  comment: String\n}\n\ntype PenaltyClause {\n  id: OID!\n  condition: String!\n  deductionAmount: Amount!\n  comment: String\n}\n\ntype PaymentTermsState {\n  status: PaymentTermsStatus!\n  proposer: String!\n  payer: String!\n  currency: PaymentCurrency!\n  paymentModel: PaymentModel!\n  totalAmount: Amount\n  milestoneSchedule: [Milestone!]!\n  timeAndMaterials: TimeAndMaterials\n  escrowDetails: Escrow\n  evaluation: EvaluationTerms\n  bonusClauses: [BonusClause!]!\n  penaltyClauses: [PenaltyClause!]!\n}",
            "initialValue": "{\n  \"status\": \"DRAFT\",\n  \"proposer\": \"\",\n  \"payer\": \"\",\n  \"currency\": \"USD\",\n  \"paymentModel\": \"MILESTONE\",\n  \"totalAmount\": null,\n  \"milestoneSchedule\": [],\n  \"timeAndMaterials\": null,\n  \"escrowDetails\": null,\n  \"evaluation\": null,\n  \"bonusClauses\": [],\n  \"penaltyClauses\": []\n}",
            "examples": []
          },
          "local": {
            "schema": "",
            "initialValue": "{}",
            "examples": []
          }
        },
        "modules": [
          {
            "id": "terms-module",
            "name": "terms",
            "description": "Core payment terms operations",
            "operations": [
              {
                "id": "set-basic-terms-op",
                "name": "SET_BASIC_TERMS",
                "description": "Set the basic payment terms information",
                "schema": "input SetBasicTermsInput {\n  proposer: String!\n  payer: String!\n  currency: PaymentCurrency!\n  paymentModel: PaymentModel!\n  totalAmount: Amount\n}",
                "template": "Set the basic payment terms information",
                "reducer": "state.proposer = action.input.proposer;\nstate.payer = action.input.payer;\nstate.currency = action.input.currency;\nstate.paymentModel = action.input.paymentModel;\nstate.totalAmount = action.input.totalAmount || null;",
                "errors": [],
                "examples": [],
                "scope": "global"
              },
              {
                "id": "update-status-op",
                "name": "UPDATE_STATUS",
                "description": "Update the payment terms status",
                "schema": "input UpdateStatusInput {\n  status: PaymentTermsStatus!\n}",
                "template": "Update the payment terms status",
                "reducer": "state.status = action.input.status;",
                "errors": [],
                "examples": [],
                "scope": "global"
              },
              {
                "id": "set-time-materials-op",
                "name": "SET_TIME_AND_MATERIALS",
                "description": "Configure time and materials payment terms",
                "schema": "input SetTimeAndMaterialsInput {\n  retainerAmount: Amount\n  hourlyRate: Amount\n  variableCap: Amount\n  billingFrequency: BillingFrequency!\n  timesheetRequired: Boolean!\n}",
                "template": "Configure time and materials payment terms",
                "reducer": "state.timeAndMaterials = {\n  retainerAmount: action.input.retainerAmount || null,\n  hourlyRate: action.input.hourlyRate || null,\n  variableCap: action.input.variableCap || null,\n  billingFrequency: action.input.billingFrequency,\n  timesheetRequired: action.input.timesheetRequired\n};",
                "errors": [],
                "examples": [],
                "scope": "global"
              },
              {
                "id": "set-escrow-op",
                "name": "SET_ESCROW_DETAILS",
                "description": "Configure escrow payment details",
                "schema": "input SetEscrowDetailsInput {\n  amountHeld: Amount!\n  proofOfFundsDocumentId: String\n  releaseConditions: String!\n  escrowProvider: String\n}",
                "template": "Configure escrow payment details",
                "reducer": "state.escrowDetails = {\n  amountHeld: action.input.amountHeld,\n  proofOfFundsDocumentId: action.input.proofOfFundsDocumentId || null,\n  releaseConditions: action.input.releaseConditions,\n  escrowProvider: action.input.escrowProvider || null\n};",
                "errors": [],
                "examples": [],
                "scope": "global"
              },
              {
                "id": "set-evaluation-op",
                "name": "SET_EVALUATION_TERMS",
                "description": "Set evaluation terms for the payment",
                "schema": "input SetEvaluationTermsInput {\n  evaluationFrequency: EvaluationFrequency!\n  evaluatorTeam: String!\n  criteria: [String!]!\n  impactsPayout: Boolean!\n  impactsReputation: Boolean!\n  commentsVisibleToClient: Boolean!\n}",
                "template": "Set evaluation terms for the payment",
                "reducer": "state.evaluation = {\n  evaluationFrequency: action.input.evaluationFrequency,\n  evaluatorTeam: action.input.evaluatorTeam,\n  criteria: action.input.criteria,\n  impactsPayout: action.input.impactsPayout,\n  impactsReputation: action.input.impactsReputation,\n  commentsVisibleToClient: action.input.commentsVisibleToClient\n};",
                "errors": [],
                "examples": [],
                "scope": "global"
              }
            ]
          },
          {
            "id": "milestones-module",
            "name": "milestones",
            "description": "Milestone management operations",
            "operations": [
              {
                "id": "add-milestone-op",
                "name": "ADD_MILESTONE",
                "description": "Add a new milestone to the payment schedule",
                "schema": "input AddMilestoneInput {\n  id: OID!\n  name: String!\n  amount: Amount!\n  expectedCompletionDate: Date\n  requiresApproval: Boolean!\n}",
                "template": "Add a new milestone to the payment schedule",
                "reducer": "const existingIndex = state.milestoneSchedule.findIndex(m => m.id === action.input.id);\nif (existingIndex !== -1) {\n  throw new DuplicateMilestoneIdError(`Milestone with ID ${action.input.id} already exists`);\n}\n\nconst newMilestone = {\n  id: action.input.id,\n  name: action.input.name,\n  amount: action.input.amount,\n  expectedCompletionDate: action.input.expectedCompletionDate || null,\n  requiresApproval: action.input.requiresApproval,\n  payoutStatus: \"PENDING\" as \"PENDING\"\n};\n\nstate.milestoneSchedule.push(newMilestone);",
                "errors": [
                  {
                    "id": "duplicate-milestone-id",
                    "name": "DuplicateMilestoneIdError",
                    "code": "DUPLICATE_MILESTONE_ID",
                    "description": "A milestone with this ID already exists",
                    "template": ""
                  }
                ],
                "examples": [],
                "scope": "global"
              },
              {
                "id": "update-milestone-op",
                "name": "UPDATE_MILESTONE",
                "description": "Update milestone details",
                "schema": "input UpdateMilestoneInput {\n  id: OID!\n  name: String\n  amount: Amount\n  expectedCompletionDate: Date\n  requiresApproval: Boolean\n}",
                "template": "Update milestone details",
                "reducer": "const milestoneIndex = state.milestoneSchedule.findIndex(m => m.id === action.input.id);\nif (milestoneIndex === -1) {\n  throw new MilestoneNotFoundError(`Milestone with ID ${action.input.id} not found`);\n}\n\nconst milestone = state.milestoneSchedule[milestoneIndex];\nif (action.input.name) milestone.name = action.input.name;\nif (action.input.amount) milestone.amount = action.input.amount;\nif (action.input.expectedCompletionDate !== undefined) milestone.expectedCompletionDate = action.input.expectedCompletionDate || null;\nif (action.input.requiresApproval !== undefined && action.input.requiresApproval !== null) milestone.requiresApproval = action.input.requiresApproval;",
                "errors": [
                  {
                    "id": "milestone-not-found-update",
                    "name": "MilestoneNotFoundError",
                    "code": "MILESTONE_NOT_FOUND",
                    "description": "Milestone with the specified ID was not found",
                    "template": ""
                  }
                ],
                "examples": [],
                "scope": "global"
              },
              {
                "id": "update-milestone-status-op",
                "name": "UPDATE_MILESTONE_STATUS",
                "description": "Update milestone payout status",
                "schema": "input UpdateMilestoneStatusInput {\n  id: OID!\n  payoutStatus: MilestonePayoutStatus!\n}",
                "template": "Update milestone payout status",
                "reducer": "const milestoneIndex = state.milestoneSchedule.findIndex(m => m.id === action.input.id);\nif (milestoneIndex === -1) {\n  throw new MilestoneNotFoundError(`Milestone with ID ${action.input.id} not found`);\n}\n\nstate.milestoneSchedule[milestoneIndex].payoutStatus = action.input.payoutStatus;",
                "errors": [
                  {
                    "id": "milestone-not-found-status",
                    "name": "MilestoneNotFoundError",
                    "code": "MILESTONE_NOT_FOUND",
                    "description": "Milestone with the specified ID was not found",
                    "template": ""
                  }
                ],
                "examples": [],
                "scope": "global"
              },
              {
                "id": "delete-milestone-op",
                "name": "DELETE_MILESTONE",
                "description": "Remove a milestone from the schedule",
                "schema": "input DeleteMilestoneInput {\n  id: OID!\n}",
                "template": "Remove a milestone from the schedule",
                "reducer": "const milestoneIndex = state.milestoneSchedule.findIndex(m => m.id === action.input.id);\nif (milestoneIndex === -1) {\n  throw new MilestoneNotFoundError(`Milestone with ID ${action.input.id} not found`);\n}\n\nstate.milestoneSchedule.splice(milestoneIndex, 1);",
                "errors": [
                  {
                    "id": "milestone-not-found-delete",
                    "name": "MilestoneNotFoundError",
                    "code": "MILESTONE_NOT_FOUND",
                    "description": "Milestone with the specified ID was not found",
                    "template": ""
                  }
                ],
                "examples": [],
                "scope": "global"
              },
              {
                "id": "reorder-milestones-op",
                "name": "REORDER_MILESTONES",
                "description": "Reorder milestones in the schedule",
                "schema": "input ReorderMilestonesInput {\n  order: [OID!]!\n}",
                "template": "Reorder milestones in the schedule",
                "reducer": "const reorderedMilestones = [];\nfor (const id of action.input.order) {\n  const milestone = state.milestoneSchedule.find(m => m.id === id);\n  if (milestone) {\n    reorderedMilestones.push(milestone);\n  }\n}\nstate.milestoneSchedule = reorderedMilestones;",
                "errors": [],
                "examples": [],
                "scope": "global"
              }
            ]
          },
          {
            "id": "clauses-module",
            "name": "clauses",
            "description": "Bonus and penalty clause operations",
            "operations": [
              {
                "id": "add-bonus-clause-op",
                "name": "ADD_BONUS_CLAUSE",
                "description": "Add a new bonus clause",
                "schema": "input AddBonusClauseInput {\n  id: OID!\n  condition: String!\n  bonusAmount: Amount!\n  comment: String\n}",
                "template": "Add a new bonus clause",
                "reducer": "const existingIndex = state.bonusClauses.findIndex(c => c.id === action.input.id);\nif (existingIndex !== -1) {\n  throw new DuplicateBonusClauseIdError(`Bonus clause with ID ${action.input.id} already exists`);\n}\n\nconst newClause = {\n  id: action.input.id,\n  condition: action.input.condition,\n  bonusAmount: action.input.bonusAmount,\n  comment: action.input.comment || null\n};\n\nstate.bonusClauses.push(newClause);",
                "errors": [
                  {
                    "id": "duplicate-bonus-clause-id",
                    "name": "DuplicateBonusClauseIdError",
                    "code": "DUPLICATE_BONUS_CLAUSE_ID",
                    "description": "A bonus clause with this ID already exists",
                    "template": ""
                  }
                ],
                "examples": [],
                "scope": "global"
              },
              {
                "id": "update-bonus-clause-op",
                "name": "UPDATE_BONUS_CLAUSE",
                "description": "Update bonus clause details",
                "schema": "input UpdateBonusClauseInput {\n  id: OID!\n  condition: String\n  bonusAmount: Amount\n  comment: String\n}",
                "template": "Update bonus clause details",
                "reducer": "const clauseIndex = state.bonusClauses.findIndex(c => c.id === action.input.id);\nif (clauseIndex === -1) {\n  throw new BonusClauseNotFoundError(`Bonus clause with ID ${action.input.id} not found`);\n}\n\nconst clause = state.bonusClauses[clauseIndex];\nif (action.input.condition) clause.condition = action.input.condition;\nif (action.input.bonusAmount) clause.bonusAmount = action.input.bonusAmount;\nif (action.input.comment !== undefined) clause.comment = action.input.comment || null;",
                "errors": [
                  {
                    "id": "bonus-clause-not-found",
                    "name": "BonusClauseNotFoundError",
                    "code": "BONUS_CLAUSE_NOT_FOUND",
                    "description": "Bonus clause with the specified ID was not found",
                    "template": ""
                  }
                ],
                "examples": [],
                "scope": "global"
              },
              {
                "id": "delete-bonus-clause-op",
                "name": "DELETE_BONUS_CLAUSE",
                "description": "Remove a bonus clause",
                "schema": "input DeleteBonusClauseInput {\n  id: OID!\n}",
                "template": "Remove a bonus clause",
                "reducer": "const clauseIndex = state.bonusClauses.findIndex(c => c.id === action.input.id);\nif (clauseIndex === -1) {\n  throw new BonusClauseNotFoundError(`Bonus clause with ID ${action.input.id} not found`);\n}\n\nstate.bonusClauses.splice(clauseIndex, 1);",
                "errors": [
                  {
                    "id": "bonus-clause-not-found-delete",
                    "name": "BonusClauseNotFoundError",
                    "code": "BONUS_CLAUSE_NOT_FOUND",
                    "description": "Bonus clause with the specified ID was not found",
                    "template": ""
                  }
                ],
                "examples": [],
                "scope": "global"
              },
              {
                "id": "add-penalty-clause-op",
                "name": "ADD_PENALTY_CLAUSE",
                "description": "Add a new penalty clause",
                "schema": "input AddPenaltyClauseInput {\n  id: OID!\n  condition: String!\n  deductionAmount: Amount!\n  comment: String\n}",
                "template": "Add a new penalty clause",
                "reducer": "const existingIndex = state.penaltyClauses.findIndex(c => c.id === action.input.id);\nif (existingIndex !== -1) {\n  throw new DuplicatePenaltyClauseIdError(`Penalty clause with ID ${action.input.id} already exists`);\n}\n\nconst newClause = {\n  id: action.input.id,\n  condition: action.input.condition,\n  deductionAmount: action.input.deductionAmount,\n  comment: action.input.comment || null\n};\n\nstate.penaltyClauses.push(newClause);",
                "errors": [
                  {
                    "id": "duplicate-penalty-clause-id",
                    "name": "DuplicatePenaltyClauseIdError",
                    "code": "DUPLICATE_PENALTY_CLAUSE_ID",
                    "description": "A penalty clause with this ID already exists",
                    "template": ""
                  }
                ],
                "examples": [],
                "scope": "global"
              },
              {
                "id": "update-penalty-clause-op",
                "name": "UPDATE_PENALTY_CLAUSE",
                "description": "Update penalty clause details",
                "schema": "input UpdatePenaltyClauseInput {\n  id: OID!\n  condition: String\n  deductionAmount: Amount\n  comment: String\n}",
                "template": "Update penalty clause details",
                "reducer": "const clauseIndex = state.penaltyClauses.findIndex(c => c.id === action.input.id);\nif (clauseIndex === -1) {\n  throw new PenaltyClauseNotFoundError(`Penalty clause with ID ${action.input.id} not found`);\n}\n\nconst clause = state.penaltyClauses[clauseIndex];\nif (action.input.condition) clause.condition = action.input.condition;\nif (action.input.deductionAmount) clause.deductionAmount = action.input.deductionAmount;\nif (action.input.comment !== undefined) clause.comment = action.input.comment || null;",
                "errors": [
                  {
                    "id": "penalty-clause-not-found",
                    "name": "PenaltyClauseNotFoundError",
                    "code": "PENALTY_CLAUSE_NOT_FOUND",
                    "description": "Penalty clause with the specified ID was not found",
                    "template": ""
                  }
                ],
                "examples": [],
                "scope": "global"
              },
              {
                "id": "delete-penalty-clause-op",
                "name": "DELETE_PENALTY_CLAUSE",
                "description": "Remove a penalty clause",
                "schema": "input DeletePenaltyClauseInput {\n  id: OID!\n}",
                "template": "Remove a penalty clause",
                "reducer": "const clauseIndex = state.penaltyClauses.findIndex(c => c.id === action.input.id);\nif (clauseIndex === -1) {\n  throw new PenaltyClauseNotFoundError(`Penalty clause with ID ${action.input.id} not found`);\n}\n\nstate.penaltyClauses.splice(clauseIndex, 1);",
                "errors": [
                  {
                    "id": "penalty-clause-not-found-delete",
                    "name": "PenaltyClauseNotFoundError",
                    "code": "PENALTY_CLAUSE_NOT_FOUND",
                    "description": "Penalty clause with the specified ID was not found",
                    "template": ""
                  }
                ],
                "examples": [],
                "scope": "global"
              }
            ]
          }
        ]
      }
    ]
  },
  "local": {}
}