{
  "global": [
    {
      "id": "066773e6-d207-4532-b3df-659888736192",
      "timestampUtcMs": "2025-09-24T13:11:46.526Z",
      "type": "SET_MODEL_NAME",
      "input": {
        "name": "Payment Terms"
      },
      "scope": "global",
      "context": null,
      "action": {
        "timestampUtcMs": "2025-08-27T17:57:25.775Z",
        "type": "SET_MODEL_NAME",
        "input": {
          "name": "Payment Terms"
        },
        "scope": "global",
        "context": null
      },
      "hash": "mFZrWtMCt0M92uXDIx2C2rry3do=",
      "index": 0,
      "skip": 0
    },
    {
      "id": "6991e656-1a30-46e4-a473-f6d546a15278",
      "timestampUtcMs": "2025-09-24T13:11:46.526Z",
      "type": "SET_MODEL_ID",
      "input": {
        "id": "payment-terms"
      },
      "scope": "global",
      "context": null,
      "action": {
        "timestampUtcMs": "2025-08-27T17:57:25.775Z",
        "type": "SET_MODEL_ID",
        "input": {
          "id": "payment-terms"
        },
        "scope": "global",
        "context": null
      },
      "hash": "Lug8L7Z3zbNlOXR9USzs/QJwpvA=",
      "index": 1,
      "skip": 0
    },
    {
      "id": "85a5e3fc-808a-401e-a853-adc912e93bfa",
      "timestampUtcMs": "2025-09-24T13:11:46.526Z",
      "type": "SET_MODEL_EXTENSION",
      "input": {
        "extension": "pterms"
      },
      "scope": "global",
      "context": null,
      "action": {
        "timestampUtcMs": "2025-08-27T17:57:25.775Z",
        "type": "SET_MODEL_EXTENSION",
        "input": {
          "extension": "pterms"
        },
        "scope": "global",
        "context": null
      },
      "hash": "vwf3TQeGPhlNRvw/9WLIPueOTcU=",
      "index": 2,
      "skip": 0
    },
    {
      "id": "ea8eb465-dd32-4c0c-b25b-3d6ba8f6defa",
      "timestampUtcMs": "2025-09-24T13:11:46.526Z",
      "type": "SET_MODEL_DESCRIPTION",
      "input": {
        "description": "Document model for managing payment terms, milestones, and contract clauses"
      },
      "scope": "global",
      "context": null,
      "action": {
        "timestampUtcMs": "2025-08-27T17:57:25.775Z",
        "type": "SET_MODEL_DESCRIPTION",
        "input": {
          "description": "Document model for managing payment terms, milestones, and contract clauses"
        },
        "scope": "global",
        "context": null
      },
      "hash": "W7xLz+jx5v10JwfRtgEodJ91idI=",
      "index": 3,
      "skip": 0
    },
    {
      "id": "6c289531-ffec-4c43-b1db-5caab00969b6",
      "timestampUtcMs": "2025-09-24T13:11:46.526Z",
      "type": "SET_AUTHOR_NAME",
      "input": {
        "authorName": "Powerhouse"
      },
      "scope": "global",
      "context": null,
      "action": {
        "timestampUtcMs": "2025-08-27T17:57:25.775Z",
        "type": "SET_AUTHOR_NAME",
        "input": {
          "authorName": "Powerhouse"
        },
        "scope": "global",
        "context": null
      },
      "hash": "BrPHpnEYh1tvUjOlcf9UOc3bTSQ=",
      "index": 4,
      "skip": 0
    },
    {
      "id": "1c48f287-e569-4328-ad82-54c7d96b6471",
      "timestampUtcMs": "2025-09-24T13:11:46.526Z",
      "type": "SET_AUTHOR_WEBSITE",
      "input": {
        "authorWebsite": "https://www.powerhouse.inc/"
      },
      "scope": "global",
      "context": null,
      "action": {
        "timestampUtcMs": "2025-08-27T17:57:25.775Z",
        "type": "SET_AUTHOR_WEBSITE",
        "input": {
          "authorWebsite": "https://www.powerhouse.inc/"
        },
        "scope": "global",
        "context": null
      },
      "hash": "+oE7gETIUdX8SoWQRT0//EJBhuI=",
      "index": 5,
      "skip": 0
    },
    {
      "id": "02c5fe9b-018c-4ebf-b24a-cae14614d43f",
      "timestampUtcMs": "2025-09-24T13:11:46.527Z",
      "type": "SET_STATE_SCHEMA",
      "input": {
        "schema": "enum PaymentTermsStatus {\n  DRAFT\n  SUBMITTED\n  ACCEPTED\n  CANCELLED\n}\n\nenum Currency {\n  USD\n  EUR\n  GBP\n}\n\nenum PaymentModel {\n  MILESTONE\n  TIME_AND_MATERIALS\n  ESCROW\n}\n\nenum MilestonePayoutStatus {\n  PENDING\n  READY_FOR_REVIEW\n  APPROVED\n  PAID\n  REJECTED\n}\n\nenum BillingFrequency {\n  WEEKLY\n  BIWEEKLY\n  MONTHLY\n}\n\nenum EvaluationFrequency {\n  WEEKLY\n  MONTHLY\n  PER_MILESTONE\n}\n\ntype Milestone {\n  id: OID!\n  name: String!\n  amount: Amount!\n  expectedCompletionDate: Date\n  requiresApproval: Boolean!\n  payoutStatus: MilestonePayoutStatus!\n}\n\ntype TimeAndMaterials {\n  retainerAmount: Amount\n  hourlyRate: Amount\n  variableCap: Amount\n  billingFrequency: BillingFrequency!\n  timesheetRequired: Boolean!\n}\n\ntype Escrow {\n  amountHeld: Amount!\n  proofOfFundsDocumentId: String\n  releaseConditions: String!\n  escrowProvider: String\n}\n\ntype EvaluationTerms {\n  evaluationFrequency: EvaluationFrequency!\n  evaluatorTeam: String!\n  criteria: [String!]!\n  impactsPayout: Boolean!\n  impactsReputation: Boolean!\n  commentsVisibleToClient: Boolean!\n}\n\ntype BonusClause {\n  id: OID!\n  condition: String!\n  bonusAmount: Amount!\n  comment: String\n}\n\ntype PenaltyClause {\n  id: OID!\n  condition: String!\n  deductionAmount: Amount!\n  comment: String\n}\n\ntype PaymentTermsState {\n  status: PaymentTermsStatus!\n  proposer: String!\n  payer: String!\n  currency: Currency!\n  paymentModel: PaymentModel!\n  totalAmount: Amount\n  milestoneSchedule: [Milestone!]!\n  timeAndMaterials: TimeAndMaterials\n  escrowDetails: Escrow\n  evaluation: EvaluationTerms\n  bonusClauses: [BonusClause!]!\n  penaltyClauses: [PenaltyClause!]!\n}",
        "scope": "global"
      },
      "scope": "global",
      "context": null,
      "action": {
        "timestampUtcMs": "2025-08-27T17:57:37.556Z",
        "type": "SET_STATE_SCHEMA",
        "input": {
          "schema": "enum PaymentTermsStatus {\n  DRAFT\n  SUBMITTED\n  ACCEPTED\n  CANCELLED\n}\n\nenum Currency {\n  USD\n  EUR\n  GBP\n}\n\nenum PaymentModel {\n  MILESTONE\n  TIME_AND_MATERIALS\n  ESCROW\n}\n\nenum MilestonePayoutStatus {\n  PENDING\n  READY_FOR_REVIEW\n  APPROVED\n  PAID\n  REJECTED\n}\n\nenum BillingFrequency {\n  WEEKLY\n  BIWEEKLY\n  MONTHLY\n}\n\nenum EvaluationFrequency {\n  WEEKLY\n  MONTHLY\n  PER_MILESTONE\n}\n\ntype Milestone {\n  id: OID!\n  name: String!\n  amount: Amount!\n  expectedCompletionDate: Date\n  requiresApproval: Boolean!\n  payoutStatus: MilestonePayoutStatus!\n}\n\ntype TimeAndMaterials {\n  retainerAmount: Amount\n  hourlyRate: Amount\n  variableCap: Amount\n  billingFrequency: BillingFrequency!\n  timesheetRequired: Boolean!\n}\n\ntype Escrow {\n  amountHeld: Amount!\n  proofOfFundsDocumentId: String\n  releaseConditions: String!\n  escrowProvider: String\n}\n\ntype EvaluationTerms {\n  evaluationFrequency: EvaluationFrequency!\n  evaluatorTeam: String!\n  criteria: [String!]!\n  impactsPayout: Boolean!\n  impactsReputation: Boolean!\n  commentsVisibleToClient: Boolean!\n}\n\ntype BonusClause {\n  id: OID!\n  condition: String!\n  bonusAmount: Amount!\n  comment: String\n}\n\ntype PenaltyClause {\n  id: OID!\n  condition: String!\n  deductionAmount: Amount!\n  comment: String\n}\n\ntype PaymentTermsState {\n  status: PaymentTermsStatus!\n  proposer: String!\n  payer: String!\n  currency: Currency!\n  paymentModel: PaymentModel!\n  totalAmount: Amount\n  milestoneSchedule: [Milestone!]!\n  timeAndMaterials: TimeAndMaterials\n  escrowDetails: Escrow\n  evaluation: EvaluationTerms\n  bonusClauses: [BonusClause!]!\n  penaltyClauses: [PenaltyClause!]!\n}",
          "scope": "global"
        },
        "scope": "global",
        "context": null
      },
      "hash": "ll2DRmz2ZD/BP/oxoBQCAc0uwCc=",
      "index": 6,
      "skip": 0
    },
    {
      "id": "cde75223-0319-4851-a428-68c014d521c1",
      "timestampUtcMs": "2025-09-24T13:11:46.527Z",
      "type": "SET_INITIAL_STATE",
      "input": {
        "initialValue": "{\n  \"status\": \"DRAFT\",\n  \"proposer\": \"\",\n  \"payer\": \"\",\n  \"currency\": \"USD\",\n  \"paymentModel\": \"MILESTONE\",\n  \"totalAmount\": null,\n  \"milestoneSchedule\": [],\n  \"timeAndMaterials\": null,\n  \"escrowDetails\": null,\n  \"evaluation\": null,\n  \"bonusClauses\": [],\n  \"penaltyClauses\": []\n}",
        "scope": "global"
      },
      "scope": "global",
      "context": null,
      "action": {
        "timestampUtcMs": "2025-08-27T17:57:37.556Z",
        "type": "SET_INITIAL_STATE",
        "input": {
          "initialValue": "{\n  \"status\": \"DRAFT\",\n  \"proposer\": \"\",\n  \"payer\": \"\",\n  \"currency\": \"USD\",\n  \"paymentModel\": \"MILESTONE\",\n  \"totalAmount\": null,\n  \"milestoneSchedule\": [],\n  \"timeAndMaterials\": null,\n  \"escrowDetails\": null,\n  \"evaluation\": null,\n  \"bonusClauses\": [],\n  \"penaltyClauses\": []\n}",
          "scope": "global"
        },
        "scope": "global",
        "context": null
      },
      "hash": "2J+4wrirLOxAkqkD3NEAvRiv49I=",
      "index": 7,
      "skip": 0
    },
    {
      "id": "83094b98-5ac4-4142-9671-7a108d01d502",
      "timestampUtcMs": "2025-09-24T13:11:46.527Z",
      "type": "SET_STATE_SCHEMA",
      "input": {
        "schema": "",
        "scope": "local"
      },
      "scope": "global",
      "context": null,
      "action": {
        "timestampUtcMs": "2025-08-27T17:57:37.556Z",
        "type": "SET_STATE_SCHEMA",
        "input": {
          "schema": "",
          "scope": "local"
        },
        "scope": "global",
        "context": null
      },
      "hash": "2J+4wrirLOxAkqkD3NEAvRiv49I=",
      "index": 8,
      "skip": 0
    },
    {
      "id": "91ca23ad-c671-4c62-a5af-f904fb54176e",
      "timestampUtcMs": "2025-09-24T13:11:46.527Z",
      "type": "SET_INITIAL_STATE",
      "input": {
        "initialValue": "{}",
        "scope": "local"
      },
      "scope": "global",
      "context": null,
      "action": {
        "timestampUtcMs": "2025-08-27T17:57:37.557Z",
        "type": "SET_INITIAL_STATE",
        "input": {
          "initialValue": "{}",
          "scope": "local"
        },
        "scope": "global",
        "context": null
      },
      "hash": "Pe7hsUodHO8k68fBTsGRir2rbtI=",
      "index": 9,
      "skip": 0
    },
    {
      "id": "01a9384e-d6f6-489f-9a4b-7d9cb10ccc44",
      "timestampUtcMs": "2025-09-24T13:11:46.527Z",
      "type": "ADD_MODULE",
      "input": {
        "description": "Core payment terms operations",
        "id": "terms-module",
        "name": "terms"
      },
      "scope": "global",
      "context": null,
      "action": {
        "timestampUtcMs": "2025-08-27T17:57:42.452Z",
        "type": "ADD_MODULE",
        "input": {
          "description": "Core payment terms operations",
          "id": "terms-module",
          "name": "terms"
        },
        "scope": "global",
        "context": null
      },
      "hash": "5Z561UxTZ7mfHp0QXgq7VAiiueM=",
      "index": 10,
      "skip": 0
    },
    {
      "id": "3f8d3a30-c4a3-406b-aeba-e97a990b0967",
      "timestampUtcMs": "2025-09-24T13:11:46.527Z",
      "type": "ADD_MODULE",
      "input": {
        "description": "Milestone management operations",
        "id": "milestones-module",
        "name": "milestones"
      },
      "scope": "global",
      "context": null,
      "action": {
        "timestampUtcMs": "2025-08-27T17:57:42.453Z",
        "type": "ADD_MODULE",
        "input": {
          "description": "Milestone management operations",
          "id": "milestones-module",
          "name": "milestones"
        },
        "scope": "global",
        "context": null
      },
      "hash": "oIh6pJXSwtiXoddyNu6RpdFCUTE=",
      "index": 11,
      "skip": 0
    },
    {
      "id": "22e7ae7c-0f03-4089-bc23-bc290c358d28",
      "timestampUtcMs": "2025-09-24T13:11:46.527Z",
      "type": "ADD_MODULE",
      "input": {
        "description": "Bonus and penalty clause operations",
        "id": "clauses-module",
        "name": "clauses"
      },
      "scope": "global",
      "context": null,
      "action": {
        "timestampUtcMs": "2025-08-27T17:57:42.453Z",
        "type": "ADD_MODULE",
        "input": {
          "description": "Bonus and penalty clause operations",
          "id": "clauses-module",
          "name": "clauses"
        },
        "scope": "global",
        "context": null
      },
      "hash": "aXFvl27bRRqn39FWXnv2CPAx6H8=",
      "index": 12,
      "skip": 0
    },
    {
      "id": "b9729125-6d07-4de2-b5ad-769a730fe313",
      "timestampUtcMs": "2025-09-24T13:11:46.527Z",
      "type": "ADD_OPERATION",
      "input": {
        "description": "Set the basic payment terms information",
        "id": "set-basic-terms-op",
        "moduleId": "terms-module",
        "name": "SET_BASIC_TERMS",
        "schema": "input SetBasicTermsInput {\n  proposer: String!\n  payer: String!\n  currency: Currency!\n  paymentModel: PaymentModel!\n  totalAmount: Amount\n}"
      },
      "scope": "global",
      "context": null,
      "action": {
        "timestampUtcMs": "2025-08-27T17:57:57.626Z",
        "type": "ADD_OPERATION",
        "input": {
          "description": "Set the basic payment terms information",
          "id": "set-basic-terms-op",
          "moduleId": "terms-module",
          "name": "SET_BASIC_TERMS",
          "schema": "input SetBasicTermsInput {\n  proposer: String!\n  payer: String!\n  currency: Currency!\n  paymentModel: PaymentModel!\n  totalAmount: Amount\n}"
        },
        "scope": "global",
        "context": null
      },
      "hash": "B/3lFudj7lysG8UFwSh6NBSUdyU=",
      "index": 13,
      "skip": 0
    },
    {
      "id": "2bf5b0e3-5ee9-410c-a7bf-818cec71613a",
      "timestampUtcMs": "2025-09-24T13:11:46.527Z",
      "type": "ADD_OPERATION",
      "input": {
        "description": "Update the payment terms status",
        "id": "update-status-op",
        "moduleId": "terms-module",
        "name": "UPDATE_STATUS",
        "schema": "input UpdateStatusInput {\n  status: PaymentTermsStatus!\n}"
      },
      "scope": "global",
      "context": null,
      "action": {
        "timestampUtcMs": "2025-08-27T17:57:57.626Z",
        "type": "ADD_OPERATION",
        "input": {
          "description": "Update the payment terms status",
          "id": "update-status-op",
          "moduleId": "terms-module",
          "name": "UPDATE_STATUS",
          "schema": "input UpdateStatusInput {\n  status: PaymentTermsStatus!\n}"
        },
        "scope": "global",
        "context": null
      },
      "hash": "INOKaxgKKSERExACFsG1BSrg4NM=",
      "index": 14,
      "skip": 0
    },
    {
      "id": "fb47c9e9-01cb-4524-a03d-ab9b36cd855f",
      "timestampUtcMs": "2025-09-24T13:11:46.528Z",
      "type": "ADD_OPERATION",
      "input": {
        "description": "Configure time and materials payment terms",
        "id": "set-time-materials-op",
        "moduleId": "terms-module",
        "name": "SET_TIME_AND_MATERIALS",
        "schema": "input SetTimeAndMaterialsInput {\n  retainerAmount: Amount\n  hourlyRate: Amount\n  variableCap: Amount\n  billingFrequency: BillingFrequency!\n  timesheetRequired: Boolean!\n}"
      },
      "scope": "global",
      "context": null,
      "action": {
        "timestampUtcMs": "2025-08-27T17:57:57.627Z",
        "type": "ADD_OPERATION",
        "input": {
          "description": "Configure time and materials payment terms",
          "id": "set-time-materials-op",
          "moduleId": "terms-module",
          "name": "SET_TIME_AND_MATERIALS",
          "schema": "input SetTimeAndMaterialsInput {\n  retainerAmount: Amount\n  hourlyRate: Amount\n  variableCap: Amount\n  billingFrequency: BillingFrequency!\n  timesheetRequired: Boolean!\n}"
        },
        "scope": "global",
        "context": null
      },
      "hash": "EKR9tR5cgbRlVP4ckOK1WsbPJUk=",
      "index": 15,
      "skip": 0
    },
    {
      "id": "15a1e73f-2e17-488c-99a0-66cc22cfeb92",
      "timestampUtcMs": "2025-09-24T13:11:46.528Z",
      "type": "ADD_OPERATION",
      "input": {
        "description": "Configure escrow payment details",
        "id": "set-escrow-op",
        "moduleId": "terms-module",
        "name": "SET_ESCROW_DETAILS",
        "schema": "input SetEscrowDetailsInput {\n  amountHeld: Amount!\n  proofOfFundsDocumentId: String\n  releaseConditions: String!\n  escrowProvider: String\n}"
      },
      "scope": "global",
      "context": null,
      "action": {
        "timestampUtcMs": "2025-08-27T17:57:57.627Z",
        "type": "ADD_OPERATION",
        "input": {
          "description": "Configure escrow payment details",
          "id": "set-escrow-op",
          "moduleId": "terms-module",
          "name": "SET_ESCROW_DETAILS",
          "schema": "input SetEscrowDetailsInput {\n  amountHeld: Amount!\n  proofOfFundsDocumentId: String\n  releaseConditions: String!\n  escrowProvider: String\n}"
        },
        "scope": "global",
        "context": null
      },
      "hash": "FBuPwnR7CJvFkVAJF42DwXF3GcM=",
      "index": 16,
      "skip": 0
    },
    {
      "id": "97f04b9f-ac45-40f0-9e81-30a1c16ed456",
      "timestampUtcMs": "2025-09-24T13:11:46.528Z",
      "type": "ADD_OPERATION",
      "input": {
        "description": "Set evaluation terms for the payment",
        "id": "set-evaluation-op",
        "moduleId": "terms-module",
        "name": "SET_EVALUATION_TERMS",
        "schema": "input SetEvaluationTermsInput {\n  evaluationFrequency: EvaluationFrequency!\n  evaluatorTeam: String!\n  criteria: [String!]!\n  impactsPayout: Boolean!\n  impactsReputation: Boolean!\n  commentsVisibleToClient: Boolean!\n}"
      },
      "scope": "global",
      "context": null,
      "action": {
        "timestampUtcMs": "2025-08-27T17:57:57.627Z",
        "type": "ADD_OPERATION",
        "input": {
          "description": "Set evaluation terms for the payment",
          "id": "set-evaluation-op",
          "moduleId": "terms-module",
          "name": "SET_EVALUATION_TERMS",
          "schema": "input SetEvaluationTermsInput {\n  evaluationFrequency: EvaluationFrequency!\n  evaluatorTeam: String!\n  criteria: [String!]!\n  impactsPayout: Boolean!\n  impactsReputation: Boolean!\n  commentsVisibleToClient: Boolean!\n}"
        },
        "scope": "global",
        "context": null
      },
      "hash": "YUqeIwKJpJGpbgmK+0NZRfHCyIw=",
      "index": 17,
      "skip": 0
    },
    {
      "id": "0c951462-93db-437d-a09c-840cbd9b6531",
      "timestampUtcMs": "2025-09-24T13:11:46.528Z",
      "type": "ADD_OPERATION",
      "input": {
        "description": "Add a new milestone to the payment schedule",
        "id": "add-milestone-op",
        "moduleId": "milestones-module",
        "name": "ADD_MILESTONE",
        "schema": "input AddMilestoneInput {\n  id: OID!\n  name: String!\n  amount: Amount!\n  expectedCompletionDate: Date\n  requiresApproval: Boolean!\n}"
      },
      "scope": "global",
      "context": null,
      "action": {
        "timestampUtcMs": "2025-08-27T17:58:06.965Z",
        "type": "ADD_OPERATION",
        "input": {
          "description": "Add a new milestone to the payment schedule",
          "id": "add-milestone-op",
          "moduleId": "milestones-module",
          "name": "ADD_MILESTONE",
          "schema": "input AddMilestoneInput {\n  id: OID!\n  name: String!\n  amount: Amount!\n  expectedCompletionDate: Date\n  requiresApproval: Boolean!\n}"
        },
        "scope": "global",
        "context": null
      },
      "hash": "AQxRAdDKBWWuagTGrIArXNDS1cU=",
      "index": 18,
      "skip": 0
    },
    {
      "id": "36419708-abd6-4f25-86de-990c4dd11c60",
      "timestampUtcMs": "2025-09-24T13:11:46.528Z",
      "type": "ADD_OPERATION",
      "input": {
        "description": "Update milestone details",
        "id": "update-milestone-op",
        "moduleId": "milestones-module",
        "name": "UPDATE_MILESTONE",
        "schema": "input UpdateMilestoneInput {\n  id: OID!\n  name: String\n  amount: Amount\n  expectedCompletionDate: Date\n  requiresApproval: Boolean\n}"
      },
      "scope": "global",
      "context": null,
      "action": {
        "timestampUtcMs": "2025-08-27T17:58:06.965Z",
        "type": "ADD_OPERATION",
        "input": {
          "description": "Update milestone details",
          "id": "update-milestone-op",
          "moduleId": "milestones-module",
          "name": "UPDATE_MILESTONE",
          "schema": "input UpdateMilestoneInput {\n  id: OID!\n  name: String\n  amount: Amount\n  expectedCompletionDate: Date\n  requiresApproval: Boolean\n}"
        },
        "scope": "global",
        "context": null
      },
      "hash": "YkRHfGWcuLCjKFUwGPFiqMhIHik=",
      "index": 19,
      "skip": 0
    },
    {
      "id": "30af731b-6285-42c8-b1b1-71696302db49",
      "timestampUtcMs": "2025-09-24T13:11:46.529Z",
      "type": "ADD_OPERATION",
      "input": {
        "description": "Update milestone payout status",
        "id": "update-milestone-status-op",
        "moduleId": "milestones-module",
        "name": "UPDATE_MILESTONE_STATUS",
        "schema": "input UpdateMilestoneStatusInput {\n  id: OID!\n  payoutStatus: MilestonePayoutStatus!\n}"
      },
      "scope": "global",
      "context": null,
      "action": {
        "timestampUtcMs": "2025-08-27T17:58:06.965Z",
        "type": "ADD_OPERATION",
        "input": {
          "description": "Update milestone payout status",
          "id": "update-milestone-status-op",
          "moduleId": "milestones-module",
          "name": "UPDATE_MILESTONE_STATUS",
          "schema": "input UpdateMilestoneStatusInput {\n  id: OID!\n  payoutStatus: MilestonePayoutStatus!\n}"
        },
        "scope": "global",
        "context": null
      },
      "hash": "QphrkFEJGkICWva1kHn2bawHwPY=",
      "index": 20,
      "skip": 0
    },
    {
      "id": "06998d96-8539-4f28-aee0-4875fb5f7546",
      "timestampUtcMs": "2025-09-24T13:11:46.529Z",
      "type": "ADD_OPERATION",
      "input": {
        "description": "Remove a milestone from the schedule",
        "id": "delete-milestone-op",
        "moduleId": "milestones-module",
        "name": "DELETE_MILESTONE",
        "schema": "input DeleteMilestoneInput {\n  id: OID!\n}"
      },
      "scope": "global",
      "context": null,
      "action": {
        "timestampUtcMs": "2025-08-27T17:58:06.966Z",
        "type": "ADD_OPERATION",
        "input": {
          "description": "Remove a milestone from the schedule",
          "id": "delete-milestone-op",
          "moduleId": "milestones-module",
          "name": "DELETE_MILESTONE",
          "schema": "input DeleteMilestoneInput {\n  id: OID!\n}"
        },
        "scope": "global",
        "context": null
      },
      "hash": "yC+FCJxtTlp+nxer0i9mGS5o4yo=",
      "index": 21,
      "skip": 0
    },
    {
      "id": "579b672f-07cd-4b28-baf5-89a59581b1b0",
      "timestampUtcMs": "2025-09-24T13:11:46.529Z",
      "type": "ADD_OPERATION",
      "input": {
        "description": "Reorder milestones in the schedule",
        "id": "reorder-milestones-op",
        "moduleId": "milestones-module",
        "name": "REORDER_MILESTONES",
        "schema": "input ReorderMilestonesInput {\n  order: [OID!]!\n}"
      },
      "scope": "global",
      "context": null,
      "action": {
        "timestampUtcMs": "2025-08-27T17:58:06.966Z",
        "type": "ADD_OPERATION",
        "input": {
          "description": "Reorder milestones in the schedule",
          "id": "reorder-milestones-op",
          "moduleId": "milestones-module",
          "name": "REORDER_MILESTONES",
          "schema": "input ReorderMilestonesInput {\n  order: [OID!]!\n}"
        },
        "scope": "global",
        "context": null
      },
      "hash": "Put3SGUbc+n1wS7sR/tkqWoTH1g=",
      "index": 22,
      "skip": 0
    },
    {
      "id": "72a2aa24-8331-47bf-8800-0aeaee9dbc65",
      "timestampUtcMs": "2025-09-24T13:11:46.529Z",
      "type": "ADD_OPERATION",
      "input": {
        "description": "Add a new bonus clause",
        "id": "add-bonus-clause-op",
        "moduleId": "clauses-module",
        "name": "ADD_BONUS_CLAUSE",
        "schema": "input AddBonusClauseInput {\n  id: OID!\n  condition: String!\n  bonusAmount: Amount!\n  comment: String\n}"
      },
      "scope": "global",
      "context": null,
      "action": {
        "timestampUtcMs": "2025-08-27T17:58:15.320Z",
        "type": "ADD_OPERATION",
        "input": {
          "description": "Add a new bonus clause",
          "id": "add-bonus-clause-op",
          "moduleId": "clauses-module",
          "name": "ADD_BONUS_CLAUSE",
          "schema": "input AddBonusClauseInput {\n  id: OID!\n  condition: String!\n  bonusAmount: Amount!\n  comment: String\n}"
        },
        "scope": "global",
        "context": null
      },
      "hash": "XPR8839c5kNEoYOhopWpiP10mwI=",
      "index": 23,
      "skip": 0
    },
    {
      "id": "b816ff04-f9e7-461e-ac8a-ee4b2aa874b9",
      "timestampUtcMs": "2025-09-24T13:11:46.529Z",
      "type": "ADD_OPERATION",
      "input": {
        "description": "Update bonus clause details",
        "id": "update-bonus-clause-op",
        "moduleId": "clauses-module",
        "name": "UPDATE_BONUS_CLAUSE",
        "schema": "input UpdateBonusClauseInput {\n  id: OID!\n  condition: String\n  bonusAmount: Amount\n  comment: String\n}"
      },
      "scope": "global",
      "context": null,
      "action": {
        "timestampUtcMs": "2025-08-27T17:58:15.320Z",
        "type": "ADD_OPERATION",
        "input": {
          "description": "Update bonus clause details",
          "id": "update-bonus-clause-op",
          "moduleId": "clauses-module",
          "name": "UPDATE_BONUS_CLAUSE",
          "schema": "input UpdateBonusClauseInput {\n  id: OID!\n  condition: String\n  bonusAmount: Amount\n  comment: String\n}"
        },
        "scope": "global",
        "context": null
      },
      "hash": "u7QNyA4sos9td+Pi29FGSdDrpt4=",
      "index": 24,
      "skip": 0
    },
    {
      "id": "26e3c38b-896a-4d78-b16c-b3b8d0c9b68f",
      "timestampUtcMs": "2025-09-24T13:11:46.530Z",
      "type": "ADD_OPERATION",
      "input": {
        "description": "Remove a bonus clause",
        "id": "delete-bonus-clause-op",
        "moduleId": "clauses-module",
        "name": "DELETE_BONUS_CLAUSE",
        "schema": "input DeleteBonusClauseInput {\n  id: OID!\n}"
      },
      "scope": "global",
      "context": null,
      "action": {
        "timestampUtcMs": "2025-08-27T17:58:15.321Z",
        "type": "ADD_OPERATION",
        "input": {
          "description": "Remove a bonus clause",
          "id": "delete-bonus-clause-op",
          "moduleId": "clauses-module",
          "name": "DELETE_BONUS_CLAUSE",
          "schema": "input DeleteBonusClauseInput {\n  id: OID!\n}"
        },
        "scope": "global",
        "context": null
      },
      "hash": "jO2KcTbBwShJ+T5tNHCCRhwKi68=",
      "index": 25,
      "skip": 0
    },
    {
      "id": "729ea25e-99a3-4a95-9364-4491ff4d95af",
      "timestampUtcMs": "2025-09-24T13:11:46.530Z",
      "type": "ADD_OPERATION",
      "input": {
        "description": "Add a new penalty clause",
        "id": "add-penalty-clause-op",
        "moduleId": "clauses-module",
        "name": "ADD_PENALTY_CLAUSE",
        "schema": "input AddPenaltyClauseInput {\n  id: OID!\n  condition: String!\n  deductionAmount: Amount!\n  comment: String\n}"
      },
      "scope": "global",
      "context": null,
      "action": {
        "timestampUtcMs": "2025-08-27T17:58:15.321Z",
        "type": "ADD_OPERATION",
        "input": {
          "description": "Add a new penalty clause",
          "id": "add-penalty-clause-op",
          "moduleId": "clauses-module",
          "name": "ADD_PENALTY_CLAUSE",
          "schema": "input AddPenaltyClauseInput {\n  id: OID!\n  condition: String!\n  deductionAmount: Amount!\n  comment: String\n}"
        },
        "scope": "global",
        "context": null
      },
      "hash": "lhuVFxegwMx8Y7mfXyMmn0mwdzo=",
      "index": 26,
      "skip": 0
    },
    {
      "id": "70573f3b-c802-40eb-b189-c6de1f96d1bc",
      "timestampUtcMs": "2025-09-24T13:11:46.530Z",
      "type": "ADD_OPERATION",
      "input": {
        "description": "Update penalty clause details",
        "id": "update-penalty-clause-op",
        "moduleId": "clauses-module",
        "name": "UPDATE_PENALTY_CLAUSE",
        "schema": "input UpdatePenaltyClauseInput {\n  id: OID!\n  condition: String\n  deductionAmount: Amount\n  comment: String\n}"
      },
      "scope": "global",
      "context": null,
      "action": {
        "timestampUtcMs": "2025-08-27T17:58:15.321Z",
        "type": "ADD_OPERATION",
        "input": {
          "description": "Update penalty clause details",
          "id": "update-penalty-clause-op",
          "moduleId": "clauses-module",
          "name": "UPDATE_PENALTY_CLAUSE",
          "schema": "input UpdatePenaltyClauseInput {\n  id: OID!\n  condition: String\n  deductionAmount: Amount\n  comment: String\n}"
        },
        "scope": "global",
        "context": null
      },
      "hash": "YXvkDwfBZZDCf6SeQwGMBgDhBpo=",
      "index": 27,
      "skip": 0
    },
    {
      "id": "6322136d-70f7-4d87-8f30-bef96ae4e3f1",
      "timestampUtcMs": "2025-09-24T13:11:46.530Z",
      "type": "ADD_OPERATION",
      "input": {
        "description": "Remove a penalty clause",
        "id": "delete-penalty-clause-op",
        "moduleId": "clauses-module",
        "name": "DELETE_PENALTY_CLAUSE",
        "schema": "input DeletePenaltyClauseInput {\n  id: OID!\n}"
      },
      "scope": "global",
      "context": null,
      "action": {
        "timestampUtcMs": "2025-08-27T17:58:15.321Z",
        "type": "ADD_OPERATION",
        "input": {
          "description": "Remove a penalty clause",
          "id": "delete-penalty-clause-op",
          "moduleId": "clauses-module",
          "name": "DELETE_PENALTY_CLAUSE",
          "schema": "input DeletePenaltyClauseInput {\n  id: OID!\n}"
        },
        "scope": "global",
        "context": null
      },
      "hash": "NgwxzjnS6C0cSLxCJWnNuneX82M=",
      "index": 28,
      "skip": 0
    },
    {
      "id": "e8322c12-f850-4d53-83da-a0bc6c67fd23",
      "timestampUtcMs": "2025-09-24T13:11:46.530Z",
      "type": "ADD_OPERATION_ERROR",
      "input": {
        "errorCode": "MILESTONE_NOT_FOUND",
        "errorDescription": "Milestone with the specified ID was not found",
        "errorName": "MilestoneNotFoundError",
        "id": "milestone-not-found-update",
        "operationId": "update-milestone-op"
      },
      "scope": "global",
      "context": null,
      "action": {
        "timestampUtcMs": "2025-08-27T17:58:28.948Z",
        "type": "ADD_OPERATION_ERROR",
        "input": {
          "errorCode": "MILESTONE_NOT_FOUND",
          "errorDescription": "Milestone with the specified ID was not found",
          "errorName": "MilestoneNotFoundError",
          "id": "milestone-not-found-update",
          "operationId": "update-milestone-op"
        },
        "scope": "global",
        "context": null
      },
      "hash": "el+X0i+Jz6FK8RfApvyuk+k1fFQ=",
      "index": 29,
      "skip": 0
    },
    {
      "id": "853e76ad-8ef3-4c74-bf6a-18f1768b570b",
      "timestampUtcMs": "2025-09-24T13:11:46.531Z",
      "type": "ADD_OPERATION_ERROR",
      "input": {
        "errorCode": "MILESTONE_NOT_FOUND",
        "errorDescription": "Milestone with the specified ID was not found",
        "errorName": "MilestoneNotFoundError",
        "id": "milestone-not-found-status",
        "operationId": "update-milestone-status-op"
      },
      "scope": "global",
      "context": null,
      "action": {
        "timestampUtcMs": "2025-08-27T17:58:28.948Z",
        "type": "ADD_OPERATION_ERROR",
        "input": {
          "errorCode": "MILESTONE_NOT_FOUND",
          "errorDescription": "Milestone with the specified ID was not found",
          "errorName": "MilestoneNotFoundError",
          "id": "milestone-not-found-status",
          "operationId": "update-milestone-status-op"
        },
        "scope": "global",
        "context": null
      },
      "hash": "Idz1O4f6sCVSRAdq9u61bDXKjRc=",
      "index": 30,
      "skip": 0
    },
    {
      "id": "5b3b7a07-cd6f-44df-b059-cf3d8bd6d3d1",
      "timestampUtcMs": "2025-09-24T13:11:46.531Z",
      "type": "ADD_OPERATION_ERROR",
      "input": {
        "errorCode": "MILESTONE_NOT_FOUND",
        "errorDescription": "Milestone with the specified ID was not found",
        "errorName": "MilestoneNotFoundError",
        "id": "milestone-not-found-delete",
        "operationId": "delete-milestone-op"
      },
      "scope": "global",
      "context": null,
      "action": {
        "timestampUtcMs": "2025-08-27T17:58:28.948Z",
        "type": "ADD_OPERATION_ERROR",
        "input": {
          "errorCode": "MILESTONE_NOT_FOUND",
          "errorDescription": "Milestone with the specified ID was not found",
          "errorName": "MilestoneNotFoundError",
          "id": "milestone-not-found-delete",
          "operationId": "delete-milestone-op"
        },
        "scope": "global",
        "context": null
      },
      "hash": "7m16ySdwgAXeZdqT+YamM9x4I3o=",
      "index": 31,
      "skip": 0
    },
    {
      "id": "c1f863e6-a205-4cd0-bfe6-ebb5b4cc4574",
      "timestampUtcMs": "2025-09-24T13:11:46.532Z",
      "type": "ADD_OPERATION_ERROR",
      "input": {
        "errorCode": "DUPLICATE_MILESTONE_ID",
        "errorDescription": "A milestone with this ID already exists",
        "errorName": "DuplicateMilestoneIdError",
        "id": "duplicate-milestone-id",
        "operationId": "add-milestone-op"
      },
      "scope": "global",
      "context": null,
      "action": {
        "timestampUtcMs": "2025-08-27T17:58:28.949Z",
        "type": "ADD_OPERATION_ERROR",
        "input": {
          "errorCode": "DUPLICATE_MILESTONE_ID",
          "errorDescription": "A milestone with this ID already exists",
          "errorName": "DuplicateMilestoneIdError",
          "id": "duplicate-milestone-id",
          "operationId": "add-milestone-op"
        },
        "scope": "global",
        "context": null
      },
      "hash": "Ru1MIC6wNGIsngKli7bkb8rtOMM=",
      "index": 32,
      "skip": 0
    },
    {
      "id": "6b4ad861-57ec-44e1-a92c-c93268d4725b",
      "timestampUtcMs": "2025-09-24T13:11:46.532Z",
      "type": "ADD_OPERATION_ERROR",
      "input": {
        "errorCode": "BONUS_CLAUSE_NOT_FOUND",
        "errorDescription": "Bonus clause with the specified ID was not found",
        "errorName": "BonusClauseNotFoundError",
        "id": "bonus-clause-not-found",
        "operationId": "update-bonus-clause-op"
      },
      "scope": "global",
      "context": null,
      "action": {
        "timestampUtcMs": "2025-08-27T17:58:28.949Z",
        "type": "ADD_OPERATION_ERROR",
        "input": {
          "errorCode": "BONUS_CLAUSE_NOT_FOUND",
          "errorDescription": "Bonus clause with the specified ID was not found",
          "errorName": "BonusClauseNotFoundError",
          "id": "bonus-clause-not-found",
          "operationId": "update-bonus-clause-op"
        },
        "scope": "global",
        "context": null
      },
      "hash": "G2reaYXoeGuIR8YT2QdVTyH67Sc=",
      "index": 33,
      "skip": 0
    },
    {
      "id": "5e140ca3-83b1-4c01-b2ef-b6efb90a4f26",
      "timestampUtcMs": "2025-09-24T13:11:46.533Z",
      "type": "ADD_OPERATION_ERROR",
      "input": {
        "errorCode": "BONUS_CLAUSE_NOT_FOUND",
        "errorDescription": "Bonus clause with the specified ID was not found",
        "errorName": "BonusClauseNotFoundError",
        "id": "bonus-clause-not-found-delete",
        "operationId": "delete-bonus-clause-op"
      },
      "scope": "global",
      "context": null,
      "action": {
        "timestampUtcMs": "2025-08-27T17:58:28.949Z",
        "type": "ADD_OPERATION_ERROR",
        "input": {
          "errorCode": "BONUS_CLAUSE_NOT_FOUND",
          "errorDescription": "Bonus clause with the specified ID was not found",
          "errorName": "BonusClauseNotFoundError",
          "id": "bonus-clause-not-found-delete",
          "operationId": "delete-bonus-clause-op"
        },
        "scope": "global",
        "context": null
      },
      "hash": "QR5eWto9WhMz7TjpTP0ftX235nE=",
      "index": 34,
      "skip": 0
    },
    {
      "id": "df900fa3-7553-480d-a99f-0451bbdd0370",
      "timestampUtcMs": "2025-09-24T13:11:46.533Z",
      "type": "ADD_OPERATION_ERROR",
      "input": {
        "errorCode": "DUPLICATE_BONUS_CLAUSE_ID",
        "errorDescription": "A bonus clause with this ID already exists",
        "errorName": "DuplicateBonusClauseIdError",
        "id": "duplicate-bonus-clause-id",
        "operationId": "add-bonus-clause-op"
      },
      "scope": "global",
      "context": null,
      "action": {
        "timestampUtcMs": "2025-08-27T17:58:28.949Z",
        "type": "ADD_OPERATION_ERROR",
        "input": {
          "errorCode": "DUPLICATE_BONUS_CLAUSE_ID",
          "errorDescription": "A bonus clause with this ID already exists",
          "errorName": "DuplicateBonusClauseIdError",
          "id": "duplicate-bonus-clause-id",
          "operationId": "add-bonus-clause-op"
        },
        "scope": "global",
        "context": null
      },
      "hash": "NlZQcnZ2gJI6Rtkq1Ij9uKQm3EE=",
      "index": 35,
      "skip": 0
    },
    {
      "id": "543945cf-27d9-4cc2-b72d-2ebb7127ef3e",
      "timestampUtcMs": "2025-09-24T13:11:46.534Z",
      "type": "ADD_OPERATION_ERROR",
      "input": {
        "errorCode": "PENALTY_CLAUSE_NOT_FOUND",
        "errorDescription": "Penalty clause with the specified ID was not found",
        "errorName": "PenaltyClauseNotFoundError",
        "id": "penalty-clause-not-found",
        "operationId": "update-penalty-clause-op"
      },
      "scope": "global",
      "context": null,
      "action": {
        "timestampUtcMs": "2025-08-27T17:58:28.949Z",
        "type": "ADD_OPERATION_ERROR",
        "input": {
          "errorCode": "PENALTY_CLAUSE_NOT_FOUND",
          "errorDescription": "Penalty clause with the specified ID was not found",
          "errorName": "PenaltyClauseNotFoundError",
          "id": "penalty-clause-not-found",
          "operationId": "update-penalty-clause-op"
        },
        "scope": "global",
        "context": null
      },
      "hash": "BiqtuPi5AFq6wKl8cjM/vQoD5pM=",
      "index": 36,
      "skip": 0
    },
    {
      "id": "6f0110e4-4907-4fee-8f04-0bb496b5c988",
      "timestampUtcMs": "2025-09-24T13:11:46.534Z",
      "type": "ADD_OPERATION_ERROR",
      "input": {
        "errorCode": "PENALTY_CLAUSE_NOT_FOUND",
        "errorDescription": "Penalty clause with the specified ID was not found",
        "errorName": "PenaltyClauseNotFoundError",
        "id": "penalty-clause-not-found-delete",
        "operationId": "delete-penalty-clause-op"
      },
      "scope": "global",
      "context": null,
      "action": {
        "timestampUtcMs": "2025-08-27T17:58:28.949Z",
        "type": "ADD_OPERATION_ERROR",
        "input": {
          "errorCode": "PENALTY_CLAUSE_NOT_FOUND",
          "errorDescription": "Penalty clause with the specified ID was not found",
          "errorName": "PenaltyClauseNotFoundError",
          "id": "penalty-clause-not-found-delete",
          "operationId": "delete-penalty-clause-op"
        },
        "scope": "global",
        "context": null
      },
      "hash": "tU2uWDCoZcRfIrL3w9STkptbF5c=",
      "index": 37,
      "skip": 0
    },
    {
      "id": "d0510cbb-1719-4753-bd7f-d062c036a176",
      "timestampUtcMs": "2025-09-24T13:11:46.534Z",
      "type": "ADD_OPERATION_ERROR",
      "input": {
        "errorCode": "DUPLICATE_PENALTY_CLAUSE_ID",
        "errorDescription": "A penalty clause with this ID already exists",
        "errorName": "DuplicatePenaltyClauseIdError",
        "id": "duplicate-penalty-clause-id",
        "operationId": "add-penalty-clause-op"
      },
      "scope": "global",
      "context": null,
      "action": {
        "timestampUtcMs": "2025-08-27T17:58:28.949Z",
        "type": "ADD_OPERATION_ERROR",
        "input": {
          "errorCode": "DUPLICATE_PENALTY_CLAUSE_ID",
          "errorDescription": "A penalty clause with this ID already exists",
          "errorName": "DuplicatePenaltyClauseIdError",
          "id": "duplicate-penalty-clause-id",
          "operationId": "add-penalty-clause-op"
        },
        "scope": "global",
        "context": null
      },
      "hash": "f8jBV9dIzVgx8V/89Ilh2yeYmBE=",
      "index": 38,
      "skip": 0
    },
    {
      "id": "7dd1c1be-9305-48ff-b100-87df53981647",
      "timestampUtcMs": "2025-09-24T13:11:46.534Z",
      "type": "SET_OPERATION_REDUCER",
      "input": {
        "id": "set-basic-terms-op",
        "reducer": "state.proposer = action.input.proposer;\nstate.payer = action.input.payer;\nstate.currency = action.input.currency;\nstate.paymentModel = action.input.paymentModel;\nstate.totalAmount = action.input.totalAmount || null;"
      },
      "scope": "global",
      "context": null,
      "action": {
        "timestampUtcMs": "2025-08-27T17:58:37.798Z",
        "type": "SET_OPERATION_REDUCER",
        "input": {
          "id": "set-basic-terms-op",
          "reducer": "state.proposer = action.input.proposer;\nstate.payer = action.input.payer;\nstate.currency = action.input.currency;\nstate.paymentModel = action.input.paymentModel;\nstate.totalAmount = action.input.totalAmount || null;"
        },
        "scope": "global",
        "context": null
      },
      "hash": "Kty9osKitbuTdC7bDp55WAVX2mE=",
      "index": 39,
      "skip": 0
    },
    {
      "id": "810f487c-9c2a-4e9b-8a93-76e771b40d74",
      "timestampUtcMs": "2025-09-24T13:11:46.535Z",
      "type": "SET_OPERATION_REDUCER",
      "input": {
        "id": "update-status-op",
        "reducer": "state.status = action.input.status;"
      },
      "scope": "global",
      "context": null,
      "action": {
        "timestampUtcMs": "2025-08-27T17:58:37.798Z",
        "type": "SET_OPERATION_REDUCER",
        "input": {
          "id": "update-status-op",
          "reducer": "state.status = action.input.status;"
        },
        "scope": "global",
        "context": null
      },
      "hash": "c2QFrz/fziz2fdRpWD6EX3QeAmM=",
      "index": 40,
      "skip": 0
    },
    {
      "id": "247e92e7-5bd7-4b79-8c42-9d64c879bcb9",
      "timestampUtcMs": "2025-09-24T13:11:46.535Z",
      "type": "SET_OPERATION_REDUCER",
      "input": {
        "id": "set-time-materials-op",
        "reducer": "state.timeAndMaterials = {\n  retainerAmount: action.input.retainerAmount || null,\n  hourlyRate: action.input.hourlyRate || null,\n  variableCap: action.input.variableCap || null,\n  billingFrequency: action.input.billingFrequency,\n  timesheetRequired: action.input.timesheetRequired\n};"
      },
      "scope": "global",
      "context": null,
      "action": {
        "timestampUtcMs": "2025-08-27T17:58:37.798Z",
        "type": "SET_OPERATION_REDUCER",
        "input": {
          "id": "set-time-materials-op",
          "reducer": "state.timeAndMaterials = {\n  retainerAmount: action.input.retainerAmount || null,\n  hourlyRate: action.input.hourlyRate || null,\n  variableCap: action.input.variableCap || null,\n  billingFrequency: action.input.billingFrequency,\n  timesheetRequired: action.input.timesheetRequired\n};"
        },
        "scope": "global",
        "context": null
      },
      "hash": "5HUYeXhoAQeKwNDSulqK2+dcDhY=",
      "index": 41,
      "skip": 0
    },
    {
      "id": "87d14b49-005f-45ea-808b-eba7921af7e4",
      "timestampUtcMs": "2025-09-24T13:11:46.536Z",
      "type": "SET_OPERATION_REDUCER",
      "input": {
        "id": "set-escrow-op",
        "reducer": "state.escrowDetails = {\n  amountHeld: action.input.amountHeld,\n  proofOfFundsDocumentId: action.input.proofOfFundsDocumentId || null,\n  releaseConditions: action.input.releaseConditions,\n  escrowProvider: action.input.escrowProvider || null\n};"
      },
      "scope": "global",
      "context": null,
      "action": {
        "timestampUtcMs": "2025-08-27T17:58:37.798Z",
        "type": "SET_OPERATION_REDUCER",
        "input": {
          "id": "set-escrow-op",
          "reducer": "state.escrowDetails = {\n  amountHeld: action.input.amountHeld,\n  proofOfFundsDocumentId: action.input.proofOfFundsDocumentId || null,\n  releaseConditions: action.input.releaseConditions,\n  escrowProvider: action.input.escrowProvider || null\n};"
        },
        "scope": "global",
        "context": null
      },
      "hash": "ZrWDPM0lzkDspPQgEkse9npmzzw=",
      "index": 42,
      "skip": 0
    },
    {
      "id": "b986af0d-0b88-4ebe-b946-d6410dd0476d",
      "timestampUtcMs": "2025-09-24T13:11:46.536Z",
      "type": "SET_OPERATION_REDUCER",
      "input": {
        "id": "set-evaluation-op",
        "reducer": "state.evaluation = {\n  evaluationFrequency: action.input.evaluationFrequency,\n  evaluatorTeam: action.input.evaluatorTeam,\n  criteria: action.input.criteria,\n  impactsPayout: action.input.impactsPayout,\n  impactsReputation: action.input.impactsReputation,\n  commentsVisibleToClient: action.input.commentsVisibleToClient\n};"
      },
      "scope": "global",
      "context": null,
      "action": {
        "timestampUtcMs": "2025-08-27T17:58:37.798Z",
        "type": "SET_OPERATION_REDUCER",
        "input": {
          "id": "set-evaluation-op",
          "reducer": "state.evaluation = {\n  evaluationFrequency: action.input.evaluationFrequency,\n  evaluatorTeam: action.input.evaluatorTeam,\n  criteria: action.input.criteria,\n  impactsPayout: action.input.impactsPayout,\n  impactsReputation: action.input.impactsReputation,\n  commentsVisibleToClient: action.input.commentsVisibleToClient\n};"
        },
        "scope": "global",
        "context": null
      },
      "hash": "57M+Gx/y8oZi/Os47KgPKPh6lRw=",
      "index": 43,
      "skip": 0
    },
    {
      "id": "4594a1ea-ac9e-49aa-9a9b-889174aba1bd",
      "timestampUtcMs": "2025-09-24T13:11:46.536Z",
      "type": "SET_OPERATION_REDUCER",
      "input": {
        "id": "add-milestone-op",
        "reducer": "const existingIndex = state.milestoneSchedule.findIndex(m => m.id === action.input.id);\nif (existingIndex !== -1) {\n  throw new DuplicateMilestoneIdError(`Milestone with ID ${action.input.id} already exists`);\n}\n\nconst newMilestone = {\n  id: action.input.id,\n  name: action.input.name,\n  amount: action.input.amount,\n  expectedCompletionDate: action.input.expectedCompletionDate || null,\n  requiresApproval: action.input.requiresApproval,\n  payoutStatus: \"PENDING\"\n};\n\nstate.milestoneSchedule.push(newMilestone);"
      },
      "scope": "global",
      "context": null,
      "action": {
        "timestampUtcMs": "2025-08-27T17:58:48.496Z",
        "type": "SET_OPERATION_REDUCER",
        "input": {
          "id": "add-milestone-op",
          "reducer": "const existingIndex = state.milestoneSchedule.findIndex(m => m.id === action.input.id);\nif (existingIndex !== -1) {\n  throw new DuplicateMilestoneIdError(`Milestone with ID ${action.input.id} already exists`);\n}\n\nconst newMilestone = {\n  id: action.input.id,\n  name: action.input.name,\n  amount: action.input.amount,\n  expectedCompletionDate: action.input.expectedCompletionDate || null,\n  requiresApproval: action.input.requiresApproval,\n  payoutStatus: \"PENDING\"\n};\n\nstate.milestoneSchedule.push(newMilestone);"
        },
        "scope": "global",
        "context": null
      },
      "hash": "nzerYoHfn+7dk5ZXgxauvi0cXQU=",
      "index": 44,
      "skip": 0
    },
    {
      "id": "d6b06328-9d15-4de6-84d8-325e6a2a97e8",
      "timestampUtcMs": "2025-09-24T13:11:46.536Z",
      "type": "SET_OPERATION_REDUCER",
      "input": {
        "id": "update-milestone-op",
        "reducer": "const milestoneIndex = state.milestoneSchedule.findIndex(m => m.id === action.input.id);\nif (milestoneIndex === -1) {\n  throw new MilestoneNotFoundError(`Milestone with ID ${action.input.id} not found`);\n}\n\nconst milestone = state.milestoneSchedule[milestoneIndex];\nif (action.input.name !== undefined) milestone.name = action.input.name;\nif (action.input.amount !== undefined) milestone.amount = action.input.amount;\nif (action.input.expectedCompletionDate !== undefined) milestone.expectedCompletionDate = action.input.expectedCompletionDate || null;\nif (action.input.requiresApproval !== undefined) milestone.requiresApproval = action.input.requiresApproval;"
      },
      "scope": "global",
      "context": null,
      "action": {
        "timestampUtcMs": "2025-08-27T17:58:48.497Z",
        "type": "SET_OPERATION_REDUCER",
        "input": {
          "id": "update-milestone-op",
          "reducer": "const milestoneIndex = state.milestoneSchedule.findIndex(m => m.id === action.input.id);\nif (milestoneIndex === -1) {\n  throw new MilestoneNotFoundError(`Milestone with ID ${action.input.id} not found`);\n}\n\nconst milestone = state.milestoneSchedule[milestoneIndex];\nif (action.input.name !== undefined) milestone.name = action.input.name;\nif (action.input.amount !== undefined) milestone.amount = action.input.amount;\nif (action.input.expectedCompletionDate !== undefined) milestone.expectedCompletionDate = action.input.expectedCompletionDate || null;\nif (action.input.requiresApproval !== undefined) milestone.requiresApproval = action.input.requiresApproval;"
        },
        "scope": "global",
        "context": null
      },
      "hash": "grU3wo0m0J5xire+3aFZrfdNAXE=",
      "index": 45,
      "skip": 0
    },
    {
      "id": "728a1eff-23d3-4ed3-ae04-f9b174de00ad",
      "timestampUtcMs": "2025-09-24T13:11:46.537Z",
      "type": "SET_OPERATION_REDUCER",
      "input": {
        "id": "update-milestone-status-op",
        "reducer": "const milestoneIndex = state.milestoneSchedule.findIndex(m => m.id === action.input.id);\nif (milestoneIndex === -1) {\n  throw new MilestoneNotFoundError(`Milestone with ID ${action.input.id} not found`);\n}\n\nstate.milestoneSchedule[milestoneIndex].payoutStatus = action.input.payoutStatus;"
      },
      "scope": "global",
      "context": null,
      "action": {
        "timestampUtcMs": "2025-08-27T17:58:48.497Z",
        "type": "SET_OPERATION_REDUCER",
        "input": {
          "id": "update-milestone-status-op",
          "reducer": "const milestoneIndex = state.milestoneSchedule.findIndex(m => m.id === action.input.id);\nif (milestoneIndex === -1) {\n  throw new MilestoneNotFoundError(`Milestone with ID ${action.input.id} not found`);\n}\n\nstate.milestoneSchedule[milestoneIndex].payoutStatus = action.input.payoutStatus;"
        },
        "scope": "global",
        "context": null
      },
      "hash": "sckuL0qW17t5Z0J1i0tqHCiRL3I=",
      "index": 46,
      "skip": 0
    },
    {
      "id": "0989be07-9554-46d6-a074-45caf84ba4a6",
      "timestampUtcMs": "2025-09-24T13:11:46.537Z",
      "type": "SET_OPERATION_REDUCER",
      "input": {
        "id": "delete-milestone-op",
        "reducer": "const milestoneIndex = state.milestoneSchedule.findIndex(m => m.id === action.input.id);\nif (milestoneIndex === -1) {\n  throw new MilestoneNotFoundError(`Milestone with ID ${action.input.id} not found`);\n}\n\nstate.milestoneSchedule.splice(milestoneIndex, 1);"
      },
      "scope": "global",
      "context": null,
      "action": {
        "timestampUtcMs": "2025-08-27T17:58:48.497Z",
        "type": "SET_OPERATION_REDUCER",
        "input": {
          "id": "delete-milestone-op",
          "reducer": "const milestoneIndex = state.milestoneSchedule.findIndex(m => m.id === action.input.id);\nif (milestoneIndex === -1) {\n  throw new MilestoneNotFoundError(`Milestone with ID ${action.input.id} not found`);\n}\n\nstate.milestoneSchedule.splice(milestoneIndex, 1);"
        },
        "scope": "global",
        "context": null
      },
      "hash": "KTvd+GVwJbVkEfq0MVj69TvUhnw=",
      "index": 47,
      "skip": 0
    },
    {
      "id": "602ebe29-1187-4360-ba38-fafbc23cd3de",
      "timestampUtcMs": "2025-09-24T13:11:46.537Z",
      "type": "SET_OPERATION_REDUCER",
      "input": {
        "id": "reorder-milestones-op",
        "reducer": "const reorderedMilestones = [];\nfor (const id of action.input.order) {\n  const milestone = state.milestoneSchedule.find(m => m.id === id);\n  if (milestone) {\n    reorderedMilestones.push(milestone);\n  }\n}\nstate.milestoneSchedule = reorderedMilestones;"
      },
      "scope": "global",
      "context": null,
      "action": {
        "timestampUtcMs": "2025-08-27T17:58:48.498Z",
        "type": "SET_OPERATION_REDUCER",
        "input": {
          "id": "reorder-milestones-op",
          "reducer": "const reorderedMilestones = [];\nfor (const id of action.input.order) {\n  const milestone = state.milestoneSchedule.find(m => m.id === id);\n  if (milestone) {\n    reorderedMilestones.push(milestone);\n  }\n}\nstate.milestoneSchedule = reorderedMilestones;"
        },
        "scope": "global",
        "context": null
      },
      "hash": "b4W9kq7FfY7A6unip7F7s8HLEJs=",
      "index": 48,
      "skip": 0
    },
    {
      "id": "a9800164-54c0-4fd4-9d7f-c7aecb79fcb4",
      "timestampUtcMs": "2025-09-24T13:11:46.537Z",
      "type": "SET_OPERATION_REDUCER",
      "input": {
        "id": "add-bonus-clause-op",
        "reducer": "const existingIndex = state.bonusClauses.findIndex(c => c.id === action.input.id);\nif (existingIndex !== -1) {\n  throw new DuplicateBonusClauseIdError(`Bonus clause with ID ${action.input.id} already exists`);\n}\n\nconst newClause = {\n  id: action.input.id,\n  condition: action.input.condition,\n  bonusAmount: action.input.bonusAmount,\n  comment: action.input.comment || null\n};\n\nstate.bonusClauses.push(newClause);"
      },
      "scope": "global",
      "context": null,
      "action": {
        "timestampUtcMs": "2025-08-27T17:59:02.424Z",
        "type": "SET_OPERATION_REDUCER",
        "input": {
          "id": "add-bonus-clause-op",
          "reducer": "const existingIndex = state.bonusClauses.findIndex(c => c.id === action.input.id);\nif (existingIndex !== -1) {\n  throw new DuplicateBonusClauseIdError(`Bonus clause with ID ${action.input.id} already exists`);\n}\n\nconst newClause = {\n  id: action.input.id,\n  condition: action.input.condition,\n  bonusAmount: action.input.bonusAmount,\n  comment: action.input.comment || null\n};\n\nstate.bonusClauses.push(newClause);"
        },
        "scope": "global",
        "context": null
      },
      "hash": "UUUQKt6uLl8XgV//gnGAvEWJzqc=",
      "index": 49,
      "skip": 0
    },
    {
      "id": "93d12d43-c782-4091-9e8f-9b4c1b383d99",
      "timestampUtcMs": "2025-09-24T13:11:46.538Z",
      "type": "SET_OPERATION_REDUCER",
      "input": {
        "id": "update-bonus-clause-op",
        "reducer": "const clauseIndex = state.bonusClauses.findIndex(c => c.id === action.input.id);\nif (clauseIndex === -1) {\n  throw new BonusClauseNotFoundError(`Bonus clause with ID ${action.input.id} not found`);\n}\n\nconst clause = state.bonusClauses[clauseIndex];\nif (action.input.condition !== undefined) clause.condition = action.input.condition;\nif (action.input.bonusAmount !== undefined) clause.bonusAmount = action.input.bonusAmount;\nif (action.input.comment !== undefined) clause.comment = action.input.comment || null;"
      },
      "scope": "global",
      "context": null,
      "action": {
        "timestampUtcMs": "2025-08-27T17:59:02.424Z",
        "type": "SET_OPERATION_REDUCER",
        "input": {
          "id": "update-bonus-clause-op",
          "reducer": "const clauseIndex = state.bonusClauses.findIndex(c => c.id === action.input.id);\nif (clauseIndex === -1) {\n  throw new BonusClauseNotFoundError(`Bonus clause with ID ${action.input.id} not found`);\n}\n\nconst clause = state.bonusClauses[clauseIndex];\nif (action.input.condition !== undefined) clause.condition = action.input.condition;\nif (action.input.bonusAmount !== undefined) clause.bonusAmount = action.input.bonusAmount;\nif (action.input.comment !== undefined) clause.comment = action.input.comment || null;"
        },
        "scope": "global",
        "context": null
      },
      "hash": "5wifbGXk17FTIhY3CZ6EgR/SJV8=",
      "index": 50,
      "skip": 0
    },
    {
      "id": "bc6491a0-a758-4485-9db7-bc2ad3b8b930",
      "timestampUtcMs": "2025-09-24T13:11:46.538Z",
      "type": "SET_OPERATION_REDUCER",
      "input": {
        "id": "delete-bonus-clause-op",
        "reducer": "const clauseIndex = state.bonusClauses.findIndex(c => c.id === action.input.id);\nif (clauseIndex === -1) {\n  throw new BonusClauseNotFoundError(`Bonus clause with ID ${action.input.id} not found`);\n}\n\nstate.bonusClauses.splice(clauseIndex, 1);"
      },
      "scope": "global",
      "context": null,
      "action": {
        "timestampUtcMs": "2025-08-27T17:59:02.424Z",
        "type": "SET_OPERATION_REDUCER",
        "input": {
          "id": "delete-bonus-clause-op",
          "reducer": "const clauseIndex = state.bonusClauses.findIndex(c => c.id === action.input.id);\nif (clauseIndex === -1) {\n  throw new BonusClauseNotFoundError(`Bonus clause with ID ${action.input.id} not found`);\n}\n\nstate.bonusClauses.splice(clauseIndex, 1);"
        },
        "scope": "global",
        "context": null
      },
      "hash": "bgSgvwFFBCTMt1pLe2tEQQXddFg=",
      "index": 51,
      "skip": 0
    },
    {
      "id": "697a951f-bb05-4e88-9357-df98b769843f",
      "timestampUtcMs": "2025-09-24T13:11:46.538Z",
      "type": "SET_OPERATION_REDUCER",
      "input": {
        "id": "add-penalty-clause-op",
        "reducer": "const existingIndex = state.penaltyClauses.findIndex(c => c.id === action.input.id);\nif (existingIndex !== -1) {\n  throw new DuplicatePenaltyClauseIdError(`Penalty clause with ID ${action.input.id} already exists`);\n}\n\nconst newClause = {\n  id: action.input.id,\n  condition: action.input.condition,\n  deductionAmount: action.input.deductionAmount,\n  comment: action.input.comment || null\n};\n\nstate.penaltyClauses.push(newClause);"
      },
      "scope": "global",
      "context": null,
      "action": {
        "timestampUtcMs": "2025-08-27T17:59:02.425Z",
        "type": "SET_OPERATION_REDUCER",
        "input": {
          "id": "add-penalty-clause-op",
          "reducer": "const existingIndex = state.penaltyClauses.findIndex(c => c.id === action.input.id);\nif (existingIndex !== -1) {\n  throw new DuplicatePenaltyClauseIdError(`Penalty clause with ID ${action.input.id} already exists`);\n}\n\nconst newClause = {\n  id: action.input.id,\n  condition: action.input.condition,\n  deductionAmount: action.input.deductionAmount,\n  comment: action.input.comment || null\n};\n\nstate.penaltyClauses.push(newClause);"
        },
        "scope": "global",
        "context": null
      },
      "hash": "+Z8C1Yin4qTymlVPxR6y363Rld0=",
      "index": 52,
      "skip": 0
    },
    {
      "id": "0c42c8d4-414d-4db5-93cc-0e846950d1f5",
      "timestampUtcMs": "2025-09-24T13:11:46.539Z",
      "type": "SET_OPERATION_REDUCER",
      "input": {
        "id": "update-penalty-clause-op",
        "reducer": "const clauseIndex = state.penaltyClauses.findIndex(c => c.id === action.input.id);\nif (clauseIndex === -1) {\n  throw new PenaltyClauseNotFoundError(`Penalty clause with ID ${action.input.id} not found`);\n}\n\nconst clause = state.penaltyClauses[clauseIndex];\nif (action.input.condition !== undefined) clause.condition = action.input.condition;\nif (action.input.deductionAmount !== undefined) clause.deductionAmount = action.input.deductionAmount;\nif (action.input.comment !== undefined) clause.comment = action.input.comment || null;"
      },
      "scope": "global",
      "context": null,
      "action": {
        "timestampUtcMs": "2025-08-27T17:59:02.425Z",
        "type": "SET_OPERATION_REDUCER",
        "input": {
          "id": "update-penalty-clause-op",
          "reducer": "const clauseIndex = state.penaltyClauses.findIndex(c => c.id === action.input.id);\nif (clauseIndex === -1) {\n  throw new PenaltyClauseNotFoundError(`Penalty clause with ID ${action.input.id} not found`);\n}\n\nconst clause = state.penaltyClauses[clauseIndex];\nif (action.input.condition !== undefined) clause.condition = action.input.condition;\nif (action.input.deductionAmount !== undefined) clause.deductionAmount = action.input.deductionAmount;\nif (action.input.comment !== undefined) clause.comment = action.input.comment || null;"
        },
        "scope": "global",
        "context": null
      },
      "hash": "X/TpU5y7tTRolTGUEqsCVjodBmc=",
      "index": 53,
      "skip": 0
    },
    {
      "id": "0a021fa4-ea6e-4294-9d1f-6f0f713c2346",
      "timestampUtcMs": "2025-09-24T13:11:46.539Z",
      "type": "SET_OPERATION_REDUCER",
      "input": {
        "id": "delete-penalty-clause-op",
        "reducer": "const clauseIndex = state.penaltyClauses.findIndex(c => c.id === action.input.id);\nif (clauseIndex === -1) {\n  throw new PenaltyClauseNotFoundError(`Penalty clause with ID ${action.input.id} not found`);\n}\n\nstate.penaltyClauses.splice(clauseIndex, 1);"
      },
      "scope": "global",
      "context": null,
      "action": {
        "timestampUtcMs": "2025-08-27T17:59:02.425Z",
        "type": "SET_OPERATION_REDUCER",
        "input": {
          "id": "delete-penalty-clause-op",
          "reducer": "const clauseIndex = state.penaltyClauses.findIndex(c => c.id === action.input.id);\nif (clauseIndex === -1) {\n  throw new PenaltyClauseNotFoundError(`Penalty clause with ID ${action.input.id} not found`);\n}\n\nstate.penaltyClauses.splice(clauseIndex, 1);"
        },
        "scope": "global",
        "context": null
      },
      "hash": "LLGXHFq28szU6IBs0wfdo6ZF9w0=",
      "index": 54,
      "skip": 0
    },
    {
      "id": "0090ce44-2b04-417d-a759-4e8c333bec36",
      "timestampUtcMs": "2025-09-24T13:11:46.539Z",
      "type": "SET_OPERATION_REDUCER",
      "input": {
        "id": "add-milestone-op",
        "reducer": "const existingIndex = state.milestoneSchedule.findIndex(m => m.id === action.input.id);\nif (existingIndex !== -1) {\n  throw new DuplicateMilestoneIdError(`Milestone with ID ${action.input.id} already exists`);\n}\n\nconst newMilestone = {\n  id: action.input.id,\n  name: action.input.name,\n  amount: action.input.amount,\n  expectedCompletionDate: action.input.expectedCompletionDate || null,\n  requiresApproval: action.input.requiresApproval,\n  payoutStatus: \"PENDING\" as \"PENDING\"\n};\n\nstate.milestoneSchedule.push(newMilestone);"
      },
      "scope": "global",
      "context": null,
      "action": {
        "timestampUtcMs": "2025-08-27T18:15:51.311Z",
        "type": "SET_OPERATION_REDUCER",
        "input": {
          "id": "add-milestone-op",
          "reducer": "const existingIndex = state.milestoneSchedule.findIndex(m => m.id === action.input.id);\nif (existingIndex !== -1) {\n  throw new DuplicateMilestoneIdError(`Milestone with ID ${action.input.id} already exists`);\n}\n\nconst newMilestone = {\n  id: action.input.id,\n  name: action.input.name,\n  amount: action.input.amount,\n  expectedCompletionDate: action.input.expectedCompletionDate || null,\n  requiresApproval: action.input.requiresApproval,\n  payoutStatus: \"PENDING\" as \"PENDING\"\n};\n\nstate.milestoneSchedule.push(newMilestone);"
        },
        "scope": "global",
        "context": null
      },
      "hash": "9TmUsOWi1zsiTpaEmIdvd6T5AiY=",
      "index": 55,
      "skip": 0
    },
    {
      "id": "9e1cdabf-890e-46fb-97ce-4e0b97abf71a",
      "timestampUtcMs": "2025-09-24T13:11:46.539Z",
      "type": "SET_OPERATION_REDUCER",
      "input": {
        "id": "update-milestone-op",
        "reducer": "const milestoneIndex = state.milestoneSchedule.findIndex(m => m.id === action.input.id);\nif (milestoneIndex === -1) {\n  throw new MilestoneNotFoundError(`Milestone with ID ${action.input.id} not found`);\n}\n\nconst milestone = state.milestoneSchedule[milestoneIndex];\nif (action.input.name) milestone.name = action.input.name;\nif (action.input.amount) milestone.amount = action.input.amount;\nif (action.input.expectedCompletionDate !== undefined) milestone.expectedCompletionDate = action.input.expectedCompletionDate || null;\nif (action.input.requiresApproval !== undefined && action.input.requiresApproval !== null) milestone.requiresApproval = action.input.requiresApproval;"
      },
      "scope": "global",
      "context": null,
      "action": {
        "timestampUtcMs": "2025-08-27T18:15:51.311Z",
        "type": "SET_OPERATION_REDUCER",
        "input": {
          "id": "update-milestone-op",
          "reducer": "const milestoneIndex = state.milestoneSchedule.findIndex(m => m.id === action.input.id);\nif (milestoneIndex === -1) {\n  throw new MilestoneNotFoundError(`Milestone with ID ${action.input.id} not found`);\n}\n\nconst milestone = state.milestoneSchedule[milestoneIndex];\nif (action.input.name) milestone.name = action.input.name;\nif (action.input.amount) milestone.amount = action.input.amount;\nif (action.input.expectedCompletionDate !== undefined) milestone.expectedCompletionDate = action.input.expectedCompletionDate || null;\nif (action.input.requiresApproval !== undefined && action.input.requiresApproval !== null) milestone.requiresApproval = action.input.requiresApproval;"
        },
        "scope": "global",
        "context": null
      },
      "hash": "QaP3wCKY/rnu0PyCz0z64x43FM0=",
      "index": 56,
      "skip": 0
    },
    {
      "id": "994943ce-b71c-4843-85b9-81466d4694f2",
      "timestampUtcMs": "2025-09-24T13:11:46.540Z",
      "type": "SET_OPERATION_REDUCER",
      "input": {
        "id": "update-bonus-clause-op",
        "reducer": "const clauseIndex = state.bonusClauses.findIndex(c => c.id === action.input.id);\nif (clauseIndex === -1) {\n  throw new BonusClauseNotFoundError(`Bonus clause with ID ${action.input.id} not found`);\n}\n\nconst clause = state.bonusClauses[clauseIndex];\nif (action.input.condition) clause.condition = action.input.condition;\nif (action.input.bonusAmount) clause.bonusAmount = action.input.bonusAmount;\nif (action.input.comment !== undefined) clause.comment = action.input.comment || null;"
      },
      "scope": "global",
      "context": null,
      "action": {
        "timestampUtcMs": "2025-08-27T18:15:51.311Z",
        "type": "SET_OPERATION_REDUCER",
        "input": {
          "id": "update-bonus-clause-op",
          "reducer": "const clauseIndex = state.bonusClauses.findIndex(c => c.id === action.input.id);\nif (clauseIndex === -1) {\n  throw new BonusClauseNotFoundError(`Bonus clause with ID ${action.input.id} not found`);\n}\n\nconst clause = state.bonusClauses[clauseIndex];\nif (action.input.condition) clause.condition = action.input.condition;\nif (action.input.bonusAmount) clause.bonusAmount = action.input.bonusAmount;\nif (action.input.comment !== undefined) clause.comment = action.input.comment || null;"
        },
        "scope": "global",
        "context": null
      },
      "hash": "oM3ks2IKtHh5yb4y+i8NQQ8QmyU=",
      "index": 57,
      "skip": 0
    },
    {
      "id": "2dda133d-c5eb-434d-91e4-59d051e231c0",
      "timestampUtcMs": "2025-09-24T13:11:46.540Z",
      "type": "SET_OPERATION_REDUCER",
      "input": {
        "id": "update-penalty-clause-op",
        "reducer": "const clauseIndex = state.penaltyClauses.findIndex(c => c.id === action.input.id);\nif (clauseIndex === -1) {\n  throw new PenaltyClauseNotFoundError(`Penalty clause with ID ${action.input.id} not found`);\n}\n\nconst clause = state.penaltyClauses[clauseIndex];\nif (action.input.condition) clause.condition = action.input.condition;\nif (action.input.deductionAmount) clause.deductionAmount = action.input.deductionAmount;\nif (action.input.comment !== undefined) clause.comment = action.input.comment || null;"
      },
      "scope": "global",
      "context": null,
      "action": {
        "timestampUtcMs": "2025-08-27T18:15:51.311Z",
        "type": "SET_OPERATION_REDUCER",
        "input": {
          "id": "update-penalty-clause-op",
          "reducer": "const clauseIndex = state.penaltyClauses.findIndex(c => c.id === action.input.id);\nif (clauseIndex === -1) {\n  throw new PenaltyClauseNotFoundError(`Penalty clause with ID ${action.input.id} not found`);\n}\n\nconst clause = state.penaltyClauses[clauseIndex];\nif (action.input.condition) clause.condition = action.input.condition;\nif (action.input.deductionAmount) clause.deductionAmount = action.input.deductionAmount;\nif (action.input.comment !== undefined) clause.comment = action.input.comment || null;"
        },
        "scope": "global",
        "context": null
      },
      "hash": "8Q78YQ2iye/cucmzOY1awCMfwqE=",
      "index": 58,
      "skip": 0
    },
    {
      "id": "5868eebf-7830-4271-a2c1-e279725a1dcf",
      "timestampUtcMs": "2025-09-24T13:11:46.540Z",
      "type": "SET_OPERATION_SCHEMA",
      "input": {
        "id": "set-basic-terms-op",
        "schema": "input SetBasicTermsInput {\n  proposer: String!\n  payer: String!\n  currency: PaymentCurrency!\n  paymentModel: PaymentModel!\n  totalAmount: Amount\n}"
      },
      "scope": "global",
      "context": null,
      "action": {
        "timestampUtcMs": "2025-08-27T19:12:09.961Z",
        "type": "SET_OPERATION_SCHEMA",
        "input": {
          "id": "set-basic-terms-op",
          "schema": "input SetBasicTermsInput {\n  proposer: String!\n  payer: String!\n  currency: PaymentCurrency!\n  paymentModel: PaymentModel!\n  totalAmount: Amount\n}"
        },
        "scope": "global",
        "context": null
      },
      "hash": "IvznqtbKJk7P9bFdNtQnG3k5/es=",
      "index": 59,
      "skip": 0
    },
    {
      "id": "263a5e68-78a4-4478-88d2-0c34b38e79d0",
      "timestampUtcMs": "2025-09-24T13:11:46.541Z",
      "type": "SET_STATE_SCHEMA",
      "input": {
        "schema": "enum PaymentTermsStatus {\n  DRAFT\n  SUBMITTED\n  ACCEPTED\n  CANCELLED\n}\n\nenum PaymentCurrency {\n  USD\n  EUR\n  GBP\n}\n\nenum PaymentModel {\n  MILESTONE\n  TIME_AND_MATERIALS\n}\n\nenum MilestonePayoutStatus {\n  PENDING\n  READY_FOR_REVIEW\n  APPROVED\n  PAID\n  REJECTED\n}\n\nenum BillingFrequency {\n  WEEKLY\n  BIWEEKLY\n  MONTHLY\n}\n\nenum EvaluationFrequency {\n  WEEKLY\n  MONTHLY\n  PER_MILESTONE\n}\n\ntype Milestone {\n  id: OID!\n  name: String!\n  amount: Amount!\n  expectedCompletionDate: Date\n  requiresApproval: Boolean!\n  payoutStatus: MilestonePayoutStatus!\n}\n\ntype TimeAndMaterials {\n  retainerAmount: Amount\n  hourlyRate: Amount\n  variableCap: Amount\n  billingFrequency: BillingFrequency!\n  timesheetRequired: Boolean!\n}\n\ntype Escrow {\n  amountHeld: Amount!\n  proofOfFundsDocumentId: String\n  releaseConditions: String!\n  escrowProvider: String\n}\n\ntype EvaluationTerms {\n  evaluationFrequency: EvaluationFrequency!\n  evaluatorTeam: String!\n  criteria: [String!]!\n  impactsPayout: Boolean!\n  impactsReputation: Boolean!\n  commentsVisibleToClient: Boolean!\n}\n\ntype BonusClause {\n  id: OID!\n  condition: String!\n  bonusAmount: Amount!\n  comment: String\n}\n\ntype PenaltyClause {\n  id: OID!\n  condition: String!\n  deductionAmount: Amount!\n  comment: String\n}\n\ntype PaymentTermsState {\n  status: PaymentTermsStatus!\n  proposer: String!\n  payer: String!\n  currency: PaymentCurrency!\n  paymentModel: PaymentModel!\n  totalAmount: Amount\n  milestoneSchedule: [Milestone!]!\n  timeAndMaterials: TimeAndMaterials\n  escrowDetails: Escrow\n  evaluation: EvaluationTerms\n  bonusClauses: [BonusClause!]!\n  penaltyClauses: [PenaltyClause!]!\n}",
        "scope": "global"
      },
      "scope": "global",
      "context": null,
      "action": {
        "timestampUtcMs": "2025-08-27T20:30:48.035Z",
        "type": "SET_STATE_SCHEMA",
        "input": {
          "schema": "enum PaymentTermsStatus {\n  DRAFT\n  SUBMITTED\n  ACCEPTED\n  CANCELLED\n}\n\nenum PaymentCurrency {\n  USD\n  EUR\n  GBP\n}\n\nenum PaymentModel {\n  MILESTONE\n  TIME_AND_MATERIALS\n}\n\nenum MilestonePayoutStatus {\n  PENDING\n  READY_FOR_REVIEW\n  APPROVED\n  PAID\n  REJECTED\n}\n\nenum BillingFrequency {\n  WEEKLY\n  BIWEEKLY\n  MONTHLY\n}\n\nenum EvaluationFrequency {\n  WEEKLY\n  MONTHLY\n  PER_MILESTONE\n}\n\ntype Milestone {\n  id: OID!\n  name: String!\n  amount: Amount!\n  expectedCompletionDate: Date\n  requiresApproval: Boolean!\n  payoutStatus: MilestonePayoutStatus!\n}\n\ntype TimeAndMaterials {\n  retainerAmount: Amount\n  hourlyRate: Amount\n  variableCap: Amount\n  billingFrequency: BillingFrequency!\n  timesheetRequired: Boolean!\n}\n\ntype Escrow {\n  amountHeld: Amount!\n  proofOfFundsDocumentId: String\n  releaseConditions: String!\n  escrowProvider: String\n}\n\ntype EvaluationTerms {\n  evaluationFrequency: EvaluationFrequency!\n  evaluatorTeam: String!\n  criteria: [String!]!\n  impactsPayout: Boolean!\n  impactsReputation: Boolean!\n  commentsVisibleToClient: Boolean!\n}\n\ntype BonusClause {\n  id: OID!\n  condition: String!\n  bonusAmount: Amount!\n  comment: String\n}\n\ntype PenaltyClause {\n  id: OID!\n  condition: String!\n  deductionAmount: Amount!\n  comment: String\n}\n\ntype PaymentTermsState {\n  status: PaymentTermsStatus!\n  proposer: String!\n  payer: String!\n  currency: PaymentCurrency!\n  paymentModel: PaymentModel!\n  totalAmount: Amount\n  milestoneSchedule: [Milestone!]!\n  timeAndMaterials: TimeAndMaterials\n  escrowDetails: Escrow\n  evaluation: EvaluationTerms\n  bonusClauses: [BonusClause!]!\n  penaltyClauses: [PenaltyClause!]!\n}",
          "scope": "global"
        },
        "scope": "global",
        "context": null
      },
      "hash": "xKl1EzHiYr9YKxFSVNC2bsytHDs=",
      "index": 60,
      "skip": 0
    },
    {
      "id": "ac2b6fe5-c454-4f42-ad6b-8a251d81aa7f",
      "timestampUtcMs": "2025-09-24T13:11:46.541Z",
      "type": "SET_INITIAL_STATE",
      "input": {
        "initialValue": "{\n  \"status\": \"DRAFT\",\n  \"proposer\": \"\",\n  \"payer\": \"\",\n  \"currency\": \"USD\",\n  \"paymentModel\": \"MILESTONE\",\n  \"totalAmount\": null,\n  \"milestoneSchedule\": [],\n  \"timeAndMaterials\": null,\n  \"escrowDetails\": null,\n  \"evaluation\": null,\n  \"bonusClauses\": [],\n  \"penaltyClauses\": []\n}",
        "scope": "global"
      },
      "scope": "global",
      "context": null,
      "action": {
        "timestampUtcMs": "2025-08-27T20:30:54.293Z",
        "type": "SET_INITIAL_STATE",
        "input": {
          "initialValue": "{\n  \"status\": \"DRAFT\",\n  \"proposer\": \"\",\n  \"payer\": \"\",\n  \"currency\": \"USD\",\n  \"paymentModel\": \"MILESTONE\",\n  \"totalAmount\": null,\n  \"milestoneSchedule\": [],\n  \"timeAndMaterials\": null,\n  \"escrowDetails\": null,\n  \"evaluation\": null,\n  \"bonusClauses\": [],\n  \"penaltyClauses\": []\n}",
          "scope": "global"
        },
        "scope": "global",
        "context": null
      },
      "hash": "xKl1EzHiYr9YKxFSVNC2bsytHDs=",
      "index": 61,
      "skip": 0
    }
  ],
  "local": []
}