{
  "global": [
    {
      "id": "9dd0eb44-b9c9-4829-a80e-06924984c4d1",
      "timestampUtcMs": "2025-08-27T17:57:25.775Z",
      "skip": 0,
      "type": "SET_MODEL_NAME",
      "input": {
        "name": "Payment Terms"
      },
      "hash": "mFZrWtMCt0M92uXDIx2C2rry3do=",
      "index": 0,
      "context": null,
      "action": {
        "timestampUtcMs": "2025-08-27T17:57:25.775Z",
        "type": "SET_MODEL_NAME",
        "input": {
          "name": "Payment Terms"
        },
        "context": null,
        "scope": "global"
      },
      "scope": "global",
      "branch": "main"
    },
    {
      "id": "11d10f06-0dfa-4cf5-a916-29190ce8ab62",
      "timestampUtcMs": "2025-08-27T17:57:25.775Z",
      "skip": 0,
      "type": "SET_MODEL_ID",
      "input": {
        "id": "payment-terms"
      },
      "hash": "Lug8L7Z3zbNlOXR9USzs/QJwpvA=",
      "index": 1,
      "context": null,
      "action": {
        "timestampUtcMs": "2025-08-27T17:57:25.775Z",
        "type": "SET_MODEL_ID",
        "input": {
          "id": "payment-terms"
        },
        "context": null,
        "scope": "global"
      },
      "scope": "global",
      "branch": "main"
    },
    {
      "id": "cbe6ecb5-ab12-42c6-83ad-84021f719c65",
      "timestampUtcMs": "2025-08-27T17:57:25.775Z",
      "skip": 0,
      "type": "SET_MODEL_EXTENSION",
      "input": {
        "extension": "pterms"
      },
      "hash": "vwf3TQeGPhlNRvw/9WLIPueOTcU=",
      "index": 2,
      "context": null,
      "action": {
        "timestampUtcMs": "2025-08-27T17:57:25.775Z",
        "type": "SET_MODEL_EXTENSION",
        "input": {
          "extension": "pterms"
        },
        "context": null,
        "scope": "global"
      },
      "scope": "global",
      "branch": "main"
    },
    {
      "id": "89fe8660-70ca-4ac5-a56f-1d50da429199",
      "timestampUtcMs": "2025-08-27T17:57:25.775Z",
      "skip": 0,
      "type": "SET_MODEL_DESCRIPTION",
      "input": {
        "description": "Document model for managing payment terms, milestones, and contract clauses"
      },
      "hash": "W7xLz+jx5v10JwfRtgEodJ91idI=",
      "index": 3,
      "context": null,
      "action": {
        "timestampUtcMs": "2025-08-27T17:57:25.775Z",
        "type": "SET_MODEL_DESCRIPTION",
        "input": {
          "description": "Document model for managing payment terms, milestones, and contract clauses"
        },
        "context": null,
        "scope": "global"
      },
      "scope": "global",
      "branch": "main"
    },
    {
      "id": "df998c83-4b91-45e7-8d36-f3452d2285a5",
      "timestampUtcMs": "2025-08-27T17:57:25.775Z",
      "skip": 0,
      "type": "SET_AUTHOR_NAME",
      "input": {
        "authorName": "Powerhouse"
      },
      "hash": "BrPHpnEYh1tvUjOlcf9UOc3bTSQ=",
      "index": 4,
      "context": null,
      "action": {
        "timestampUtcMs": "2025-08-27T17:57:25.775Z",
        "type": "SET_AUTHOR_NAME",
        "input": {
          "authorName": "Powerhouse"
        },
        "context": null,
        "scope": "global"
      },
      "scope": "global",
      "branch": "main"
    },
    {
      "id": "3d8180cd-0a1a-45ea-a419-4b85a038f094",
      "timestampUtcMs": "2025-08-27T17:57:25.775Z",
      "skip": 0,
      "type": "SET_AUTHOR_WEBSITE",
      "input": {
        "authorWebsite": "https://www.powerhouse.inc/"
      },
      "hash": "+oE7gETIUdX8SoWQRT0//EJBhuI=",
      "index": 5,
      "context": null,
      "action": {
        "timestampUtcMs": "2025-08-27T17:57:25.775Z",
        "type": "SET_AUTHOR_WEBSITE",
        "input": {
          "authorWebsite": "https://www.powerhouse.inc/"
        },
        "context": null,
        "scope": "global"
      },
      "scope": "global",
      "branch": "main"
    },
    {
      "id": "ed4275e0-a415-4b90-87b2-b041e13fa41b",
      "timestampUtcMs": "2025-08-27T17:57:37.556Z",
      "skip": 0,
      "type": "SET_STATE_SCHEMA",
      "input": {
        "schema": "enum PaymentTermsStatus {\n  DRAFT\n  SUBMITTED\n  ACCEPTED\n  CANCELLED\n}\n\nenum Currency {\n  USD\n  EUR\n  GBP\n}\n\nenum PaymentModel {\n  MILESTONE\n  TIME_AND_MATERIALS\n  ESCROW\n}\n\nenum MilestonePayoutStatus {\n  PENDING\n  READY_FOR_REVIEW\n  APPROVED\n  PAID\n  REJECTED\n}\n\nenum BillingFrequency {\n  WEEKLY\n  BIWEEKLY\n  MONTHLY\n}\n\nenum EvaluationFrequency {\n  WEEKLY\n  MONTHLY\n  PER_MILESTONE\n}\n\ntype Milestone {\n  id: OID!\n  name: String!\n  amount: Amount!\n  expectedCompletionDate: Date\n  requiresApproval: Boolean!\n  payoutStatus: MilestonePayoutStatus!\n}\n\ntype TimeAndMaterials {\n  retainerAmount: Amount\n  hourlyRate: Amount\n  variableCap: Amount\n  billingFrequency: BillingFrequency!\n  timesheetRequired: Boolean!\n}\n\ntype Escrow {\n  amountHeld: Amount!\n  proofOfFundsDocumentId: String\n  releaseConditions: String!\n  escrowProvider: String\n}\n\ntype EvaluationTerms {\n  evaluationFrequency: EvaluationFrequency!\n  evaluatorTeam: String!\n  criteria: [String!]!\n  impactsPayout: Boolean!\n  impactsReputation: Boolean!\n  commentsVisibleToClient: Boolean!\n}\n\ntype BonusClause {\n  id: OID!\n  condition: String!\n  bonusAmount: Amount!\n  comment: String\n}\n\ntype PenaltyClause {\n  id: OID!\n  condition: String!\n  deductionAmount: Amount!\n  comment: String\n}\n\ntype PaymentTermsState {\n  status: PaymentTermsStatus!\n  proposer: String!\n  payer: String!\n  currency: Currency!\n  paymentModel: PaymentModel!\n  totalAmount: Amount\n  milestoneSchedule: [Milestone!]!\n  timeAndMaterials: TimeAndMaterials\n  escrowDetails: Escrow\n  evaluation: EvaluationTerms\n  bonusClauses: [BonusClause!]!\n  penaltyClauses: [PenaltyClause!]!\n}",
        "scope": "global"
      },
      "hash": "ll2DRmz2ZD/BP/oxoBQCAc0uwCc=",
      "index": 6,
      "context": null,
      "action": {
        "timestampUtcMs": "2025-08-27T17:57:37.556Z",
        "type": "SET_STATE_SCHEMA",
        "input": {
          "schema": "enum PaymentTermsStatus {\n  DRAFT\n  SUBMITTED\n  ACCEPTED\n  CANCELLED\n}\n\nenum Currency {\n  USD\n  EUR\n  GBP\n}\n\nenum PaymentModel {\n  MILESTONE\n  TIME_AND_MATERIALS\n  ESCROW\n}\n\nenum MilestonePayoutStatus {\n  PENDING\n  READY_FOR_REVIEW\n  APPROVED\n  PAID\n  REJECTED\n}\n\nenum BillingFrequency {\n  WEEKLY\n  BIWEEKLY\n  MONTHLY\n}\n\nenum EvaluationFrequency {\n  WEEKLY\n  MONTHLY\n  PER_MILESTONE\n}\n\ntype Milestone {\n  id: OID!\n  name: String!\n  amount: Amount!\n  expectedCompletionDate: Date\n  requiresApproval: Boolean!\n  payoutStatus: MilestonePayoutStatus!\n}\n\ntype TimeAndMaterials {\n  retainerAmount: Amount\n  hourlyRate: Amount\n  variableCap: Amount\n  billingFrequency: BillingFrequency!\n  timesheetRequired: Boolean!\n}\n\ntype Escrow {\n  amountHeld: Amount!\n  proofOfFundsDocumentId: String\n  releaseConditions: String!\n  escrowProvider: String\n}\n\ntype EvaluationTerms {\n  evaluationFrequency: EvaluationFrequency!\n  evaluatorTeam: String!\n  criteria: [String!]!\n  impactsPayout: Boolean!\n  impactsReputation: Boolean!\n  commentsVisibleToClient: Boolean!\n}\n\ntype BonusClause {\n  id: OID!\n  condition: String!\n  bonusAmount: Amount!\n  comment: String\n}\n\ntype PenaltyClause {\n  id: OID!\n  condition: String!\n  deductionAmount: Amount!\n  comment: String\n}\n\ntype PaymentTermsState {\n  status: PaymentTermsStatus!\n  proposer: String!\n  payer: String!\n  currency: Currency!\n  paymentModel: PaymentModel!\n  totalAmount: Amount\n  milestoneSchedule: [Milestone!]!\n  timeAndMaterials: TimeAndMaterials\n  escrowDetails: Escrow\n  evaluation: EvaluationTerms\n  bonusClauses: [BonusClause!]!\n  penaltyClauses: [PenaltyClause!]!\n}",
          "scope": "global"
        },
        "context": null,
        "scope": "global"
      },
      "scope": "global",
      "branch": "main"
    },
    {
      "id": "b4cc1946-9263-4065-be0d-63e85448764f",
      "timestampUtcMs": "2025-08-27T17:57:37.556Z",
      "skip": 0,
      "type": "SET_INITIAL_STATE",
      "input": {
        "initialValue": "{\n  \"status\": \"DRAFT\",\n  \"proposer\": \"\",\n  \"payer\": \"\",\n  \"currency\": \"USD\",\n  \"paymentModel\": \"MILESTONE\",\n  \"totalAmount\": null,\n  \"milestoneSchedule\": [],\n  \"timeAndMaterials\": null,\n  \"escrowDetails\": null,\n  \"evaluation\": null,\n  \"bonusClauses\": [],\n  \"penaltyClauses\": []\n}",
        "scope": "global"
      },
      "hash": "2J+4wrirLOxAkqkD3NEAvRiv49I=",
      "index": 7,
      "context": null,
      "action": {
        "timestampUtcMs": "2025-08-27T17:57:37.556Z",
        "type": "SET_INITIAL_STATE",
        "input": {
          "initialValue": "{\n  \"status\": \"DRAFT\",\n  \"proposer\": \"\",\n  \"payer\": \"\",\n  \"currency\": \"USD\",\n  \"paymentModel\": \"MILESTONE\",\n  \"totalAmount\": null,\n  \"milestoneSchedule\": [],\n  \"timeAndMaterials\": null,\n  \"escrowDetails\": null,\n  \"evaluation\": null,\n  \"bonusClauses\": [],\n  \"penaltyClauses\": []\n}",
          "scope": "global"
        },
        "context": null,
        "scope": "global"
      },
      "scope": "global",
      "branch": "main"
    },
    {
      "id": "425f784c-355a-40cb-99b8-63bec1879f16",
      "timestampUtcMs": "2025-08-27T17:57:37.556Z",
      "skip": 0,
      "type": "SET_STATE_SCHEMA",
      "input": {
        "schema": "",
        "scope": "local"
      },
      "hash": "2J+4wrirLOxAkqkD3NEAvRiv49I=",
      "index": 8,
      "context": null,
      "action": {
        "timestampUtcMs": "2025-08-27T17:57:37.556Z",
        "type": "SET_STATE_SCHEMA",
        "input": {
          "schema": "",
          "scope": "local"
        },
        "context": null,
        "scope": "global"
      },
      "scope": "global",
      "branch": "main"
    },
    {
      "id": "3bc61043-67bb-4cc9-ba9b-bbf5c5deacb9",
      "timestampUtcMs": "2025-08-27T17:57:37.557Z",
      "skip": 0,
      "type": "SET_INITIAL_STATE",
      "input": {
        "initialValue": "{}",
        "scope": "local"
      },
      "hash": "Pe7hsUodHO8k68fBTsGRir2rbtI=",
      "index": 9,
      "context": null,
      "action": {
        "timestampUtcMs": "2025-08-27T17:57:37.557Z",
        "type": "SET_INITIAL_STATE",
        "input": {
          "initialValue": "{}",
          "scope": "local"
        },
        "context": null,
        "scope": "global"
      },
      "scope": "global",
      "branch": "main"
    },
    {
      "id": "4ca8c308-eb2a-4671-99be-f39142e40dd5",
      "timestampUtcMs": "2025-08-27T17:57:42.452Z",
      "skip": 0,
      "type": "ADD_MODULE",
      "input": {
        "description": "Core payment terms operations",
        "id": "terms-module",
        "name": "terms"
      },
      "hash": "5Z561UxTZ7mfHp0QXgq7VAiiueM=",
      "index": 10,
      "context": null,
      "action": {
        "timestampUtcMs": "2025-08-27T17:57:42.452Z",
        "type": "ADD_MODULE",
        "input": {
          "description": "Core payment terms operations",
          "id": "terms-module",
          "name": "terms"
        },
        "context": null,
        "scope": "global"
      },
      "scope": "global",
      "branch": "main"
    },
    {
      "id": "8334d107-4199-4670-98a2-2051494565ba",
      "timestampUtcMs": "2025-08-27T17:57:42.453Z",
      "skip": 0,
      "type": "ADD_MODULE",
      "input": {
        "description": "Milestone management operations",
        "id": "milestones-module",
        "name": "milestones"
      },
      "hash": "oIh6pJXSwtiXoddyNu6RpdFCUTE=",
      "index": 11,
      "context": null,
      "action": {
        "timestampUtcMs": "2025-08-27T17:57:42.453Z",
        "type": "ADD_MODULE",
        "input": {
          "description": "Milestone management operations",
          "id": "milestones-module",
          "name": "milestones"
        },
        "context": null,
        "scope": "global"
      },
      "scope": "global",
      "branch": "main"
    },
    {
      "id": "89714b58-813a-453d-bb9a-17ec47eebf9e",
      "timestampUtcMs": "2025-08-27T17:57:42.453Z",
      "skip": 0,
      "type": "ADD_MODULE",
      "input": {
        "description": "Bonus and penalty clause operations",
        "id": "clauses-module",
        "name": "clauses"
      },
      "hash": "aXFvl27bRRqn39FWXnv2CPAx6H8=",
      "index": 12,
      "context": null,
      "action": {
        "timestampUtcMs": "2025-08-27T17:57:42.453Z",
        "type": "ADD_MODULE",
        "input": {
          "description": "Bonus and penalty clause operations",
          "id": "clauses-module",
          "name": "clauses"
        },
        "context": null,
        "scope": "global"
      },
      "scope": "global",
      "branch": "main"
    },
    {
      "id": "750208c0-2d26-441d-947d-e53ebf3171c8",
      "timestampUtcMs": "2025-08-27T17:57:57.626Z",
      "skip": 0,
      "type": "ADD_OPERATION",
      "input": {
        "description": "Set the basic payment terms information",
        "id": "set-basic-terms-op",
        "moduleId": "terms-module",
        "name": "SET_BASIC_TERMS",
        "schema": "input SetBasicTermsInput {\n  proposer: String!\n  payer: String!\n  currency: Currency!\n  paymentModel: PaymentModel!\n  totalAmount: Amount\n}"
      },
      "hash": "B/3lFudj7lysG8UFwSh6NBSUdyU=",
      "index": 13,
      "context": null,
      "action": {
        "timestampUtcMs": "2025-08-27T17:57:57.626Z",
        "type": "ADD_OPERATION",
        "input": {
          "description": "Set the basic payment terms information",
          "id": "set-basic-terms-op",
          "moduleId": "terms-module",
          "name": "SET_BASIC_TERMS",
          "schema": "input SetBasicTermsInput {\n  proposer: String!\n  payer: String!\n  currency: Currency!\n  paymentModel: PaymentModel!\n  totalAmount: Amount\n}"
        },
        "context": null,
        "scope": "global"
      },
      "scope": "global",
      "branch": "main"
    },
    {
      "id": "1dceb708-6e4e-4124-a61a-52f82d7deeda",
      "timestampUtcMs": "2025-08-27T17:57:57.626Z",
      "skip": 0,
      "type": "ADD_OPERATION",
      "input": {
        "description": "Update the payment terms status",
        "id": "update-status-op",
        "moduleId": "terms-module",
        "name": "UPDATE_STATUS",
        "schema": "input UpdateStatusInput {\n  status: PaymentTermsStatus!\n}"
      },
      "hash": "INOKaxgKKSERExACFsG1BSrg4NM=",
      "index": 14,
      "context": null,
      "action": {
        "timestampUtcMs": "2025-08-27T17:57:57.626Z",
        "type": "ADD_OPERATION",
        "input": {
          "description": "Update the payment terms status",
          "id": "update-status-op",
          "moduleId": "terms-module",
          "name": "UPDATE_STATUS",
          "schema": "input UpdateStatusInput {\n  status: PaymentTermsStatus!\n}"
        },
        "context": null,
        "scope": "global"
      },
      "scope": "global",
      "branch": "main"
    },
    {
      "id": "438b150c-de7a-4a17-a8e4-3b85e1b096bb",
      "timestampUtcMs": "2025-08-27T17:57:57.627Z",
      "skip": 0,
      "type": "ADD_OPERATION",
      "input": {
        "description": "Configure time and materials payment terms",
        "id": "set-time-materials-op",
        "moduleId": "terms-module",
        "name": "SET_TIME_AND_MATERIALS",
        "schema": "input SetTimeAndMaterialsInput {\n  retainerAmount: Amount\n  hourlyRate: Amount\n  variableCap: Amount\n  billingFrequency: BillingFrequency!\n  timesheetRequired: Boolean!\n}"
      },
      "hash": "EKR9tR5cgbRlVP4ckOK1WsbPJUk=",
      "index": 15,
      "context": null,
      "action": {
        "timestampUtcMs": "2025-08-27T17:57:57.627Z",
        "type": "ADD_OPERATION",
        "input": {
          "description": "Configure time and materials payment terms",
          "id": "set-time-materials-op",
          "moduleId": "terms-module",
          "name": "SET_TIME_AND_MATERIALS",
          "schema": "input SetTimeAndMaterialsInput {\n  retainerAmount: Amount\n  hourlyRate: Amount\n  variableCap: Amount\n  billingFrequency: BillingFrequency!\n  timesheetRequired: Boolean!\n}"
        },
        "context": null,
        "scope": "global"
      },
      "scope": "global",
      "branch": "main"
    },
    {
      "id": "18f3e2d3-6bb7-46f1-a5b0-699d99e448aa",
      "timestampUtcMs": "2025-08-27T17:57:57.627Z",
      "skip": 0,
      "type": "ADD_OPERATION",
      "input": {
        "description": "Configure escrow payment details",
        "id": "set-escrow-op",
        "moduleId": "terms-module",
        "name": "SET_ESCROW_DETAILS",
        "schema": "input SetEscrowDetailsInput {\n  amountHeld: Amount!\n  proofOfFundsDocumentId: String\n  releaseConditions: String!\n  escrowProvider: String\n}"
      },
      "hash": "FBuPwnR7CJvFkVAJF42DwXF3GcM=",
      "index": 16,
      "context": null,
      "action": {
        "timestampUtcMs": "2025-08-27T17:57:57.627Z",
        "type": "ADD_OPERATION",
        "input": {
          "description": "Configure escrow payment details",
          "id": "set-escrow-op",
          "moduleId": "terms-module",
          "name": "SET_ESCROW_DETAILS",
          "schema": "input SetEscrowDetailsInput {\n  amountHeld: Amount!\n  proofOfFundsDocumentId: String\n  releaseConditions: String!\n  escrowProvider: String\n}"
        },
        "context": null,
        "scope": "global"
      },
      "scope": "global",
      "branch": "main"
    },
    {
      "id": "bcaad747-e7ec-4142-a4ca-a7d24c000837",
      "timestampUtcMs": "2025-08-27T17:57:57.627Z",
      "skip": 0,
      "type": "ADD_OPERATION",
      "input": {
        "description": "Set evaluation terms for the payment",
        "id": "set-evaluation-op",
        "moduleId": "terms-module",
        "name": "SET_EVALUATION_TERMS",
        "schema": "input SetEvaluationTermsInput {\n  evaluationFrequency: EvaluationFrequency!\n  evaluatorTeam: String!\n  criteria: [String!]!\n  impactsPayout: Boolean!\n  impactsReputation: Boolean!\n  commentsVisibleToClient: Boolean!\n}"
      },
      "hash": "YUqeIwKJpJGpbgmK+0NZRfHCyIw=",
      "index": 17,
      "context": null,
      "action": {
        "timestampUtcMs": "2025-08-27T17:57:57.627Z",
        "type": "ADD_OPERATION",
        "input": {
          "description": "Set evaluation terms for the payment",
          "id": "set-evaluation-op",
          "moduleId": "terms-module",
          "name": "SET_EVALUATION_TERMS",
          "schema": "input SetEvaluationTermsInput {\n  evaluationFrequency: EvaluationFrequency!\n  evaluatorTeam: String!\n  criteria: [String!]!\n  impactsPayout: Boolean!\n  impactsReputation: Boolean!\n  commentsVisibleToClient: Boolean!\n}"
        },
        "context": null,
        "scope": "global"
      },
      "scope": "global",
      "branch": "main"
    },
    {
      "id": "0a4f2ff4-038f-4772-b991-000a63bd755a",
      "timestampUtcMs": "2025-08-27T17:58:06.965Z",
      "skip": 0,
      "type": "ADD_OPERATION",
      "input": {
        "description": "Add a new milestone to the payment schedule",
        "id": "add-milestone-op",
        "moduleId": "milestones-module",
        "name": "ADD_MILESTONE",
        "schema": "input AddMilestoneInput {\n  id: OID!\n  name: String!\n  amount: Amount!\n  expectedCompletionDate: Date\n  requiresApproval: Boolean!\n}"
      },
      "hash": "AQxRAdDKBWWuagTGrIArXNDS1cU=",
      "index": 18,
      "context": null,
      "action": {
        "timestampUtcMs": "2025-08-27T17:58:06.965Z",
        "type": "ADD_OPERATION",
        "input": {
          "description": "Add a new milestone to the payment schedule",
          "id": "add-milestone-op",
          "moduleId": "milestones-module",
          "name": "ADD_MILESTONE",
          "schema": "input AddMilestoneInput {\n  id: OID!\n  name: String!\n  amount: Amount!\n  expectedCompletionDate: Date\n  requiresApproval: Boolean!\n}"
        },
        "context": null,
        "scope": "global"
      },
      "scope": "global",
      "branch": "main"
    },
    {
      "id": "34f23dd1-a68f-43f9-aa2f-d7a257c80898",
      "timestampUtcMs": "2025-08-27T17:58:06.965Z",
      "skip": 0,
      "type": "ADD_OPERATION",
      "input": {
        "description": "Update milestone details",
        "id": "update-milestone-op",
        "moduleId": "milestones-module",
        "name": "UPDATE_MILESTONE",
        "schema": "input UpdateMilestoneInput {\n  id: OID!\n  name: String\n  amount: Amount\n  expectedCompletionDate: Date\n  requiresApproval: Boolean\n}"
      },
      "hash": "YkRHfGWcuLCjKFUwGPFiqMhIHik=",
      "index": 19,
      "context": null,
      "action": {
        "timestampUtcMs": "2025-08-27T17:58:06.965Z",
        "type": "ADD_OPERATION",
        "input": {
          "description": "Update milestone details",
          "id": "update-milestone-op",
          "moduleId": "milestones-module",
          "name": "UPDATE_MILESTONE",
          "schema": "input UpdateMilestoneInput {\n  id: OID!\n  name: String\n  amount: Amount\n  expectedCompletionDate: Date\n  requiresApproval: Boolean\n}"
        },
        "context": null,
        "scope": "global"
      },
      "scope": "global",
      "branch": "main"
    },
    {
      "id": "2aafd5f0-5a52-4bfe-9d9c-a00c2c682683",
      "timestampUtcMs": "2025-08-27T17:58:06.965Z",
      "skip": 0,
      "type": "ADD_OPERATION",
      "input": {
        "description": "Update milestone payout status",
        "id": "update-milestone-status-op",
        "moduleId": "milestones-module",
        "name": "UPDATE_MILESTONE_STATUS",
        "schema": "input UpdateMilestoneStatusInput {\n  id: OID!\n  payoutStatus: MilestonePayoutStatus!\n}"
      },
      "hash": "QphrkFEJGkICWva1kHn2bawHwPY=",
      "index": 20,
      "context": null,
      "action": {
        "timestampUtcMs": "2025-08-27T17:58:06.965Z",
        "type": "ADD_OPERATION",
        "input": {
          "description": "Update milestone payout status",
          "id": "update-milestone-status-op",
          "moduleId": "milestones-module",
          "name": "UPDATE_MILESTONE_STATUS",
          "schema": "input UpdateMilestoneStatusInput {\n  id: OID!\n  payoutStatus: MilestonePayoutStatus!\n}"
        },
        "context": null,
        "scope": "global"
      },
      "scope": "global",
      "branch": "main"
    },
    {
      "id": "c39ab1e9-a331-4b73-9d43-f0b6c3812e8c",
      "timestampUtcMs": "2025-08-27T17:58:06.966Z",
      "skip": 0,
      "type": "ADD_OPERATION",
      "input": {
        "description": "Remove a milestone from the schedule",
        "id": "delete-milestone-op",
        "moduleId": "milestones-module",
        "name": "DELETE_MILESTONE",
        "schema": "input DeleteMilestoneInput {\n  id: OID!\n}"
      },
      "hash": "yC+FCJxtTlp+nxer0i9mGS5o4yo=",
      "index": 21,
      "context": null,
      "action": {
        "timestampUtcMs": "2025-08-27T17:58:06.966Z",
        "type": "ADD_OPERATION",
        "input": {
          "description": "Remove a milestone from the schedule",
          "id": "delete-milestone-op",
          "moduleId": "milestones-module",
          "name": "DELETE_MILESTONE",
          "schema": "input DeleteMilestoneInput {\n  id: OID!\n}"
        },
        "context": null,
        "scope": "global"
      },
      "scope": "global",
      "branch": "main"
    },
    {
      "id": "39668ace-e904-4601-9263-ee7fda8080ad",
      "timestampUtcMs": "2025-08-27T17:58:06.966Z",
      "skip": 0,
      "type": "ADD_OPERATION",
      "input": {
        "description": "Reorder milestones in the schedule",
        "id": "reorder-milestones-op",
        "moduleId": "milestones-module",
        "name": "REORDER_MILESTONES",
        "schema": "input ReorderMilestonesInput {\n  order: [OID!]!\n}"
      },
      "hash": "Put3SGUbc+n1wS7sR/tkqWoTH1g=",
      "index": 22,
      "context": null,
      "action": {
        "timestampUtcMs": "2025-08-27T17:58:06.966Z",
        "type": "ADD_OPERATION",
        "input": {
          "description": "Reorder milestones in the schedule",
          "id": "reorder-milestones-op",
          "moduleId": "milestones-module",
          "name": "REORDER_MILESTONES",
          "schema": "input ReorderMilestonesInput {\n  order: [OID!]!\n}"
        },
        "context": null,
        "scope": "global"
      },
      "scope": "global",
      "branch": "main"
    },
    {
      "id": "7209b1d5-1514-4424-8def-5249ae45a00d",
      "timestampUtcMs": "2025-08-27T17:58:15.320Z",
      "skip": 0,
      "type": "ADD_OPERATION",
      "input": {
        "description": "Add a new bonus clause",
        "id": "add-bonus-clause-op",
        "moduleId": "clauses-module",
        "name": "ADD_BONUS_CLAUSE",
        "schema": "input AddBonusClauseInput {\n  id: OID!\n  condition: String!\n  bonusAmount: Amount!\n  comment: String\n}"
      },
      "hash": "XPR8839c5kNEoYOhopWpiP10mwI=",
      "index": 23,
      "context": null,
      "action": {
        "timestampUtcMs": "2025-08-27T17:58:15.320Z",
        "type": "ADD_OPERATION",
        "input": {
          "description": "Add a new bonus clause",
          "id": "add-bonus-clause-op",
          "moduleId": "clauses-module",
          "name": "ADD_BONUS_CLAUSE",
          "schema": "input AddBonusClauseInput {\n  id: OID!\n  condition: String!\n  bonusAmount: Amount!\n  comment: String\n}"
        },
        "context": null,
        "scope": "global"
      },
      "scope": "global",
      "branch": "main"
    },
    {
      "id": "7a225ba1-d842-43d5-bf5d-a9a313d30ad7",
      "timestampUtcMs": "2025-08-27T17:58:15.320Z",
      "skip": 0,
      "type": "ADD_OPERATION",
      "input": {
        "description": "Update bonus clause details",
        "id": "update-bonus-clause-op",
        "moduleId": "clauses-module",
        "name": "UPDATE_BONUS_CLAUSE",
        "schema": "input UpdateBonusClauseInput {\n  id: OID!\n  condition: String\n  bonusAmount: Amount\n  comment: String\n}"
      },
      "hash": "u7QNyA4sos9td+Pi29FGSdDrpt4=",
      "index": 24,
      "context": null,
      "action": {
        "timestampUtcMs": "2025-08-27T17:58:15.320Z",
        "type": "ADD_OPERATION",
        "input": {
          "description": "Update bonus clause details",
          "id": "update-bonus-clause-op",
          "moduleId": "clauses-module",
          "name": "UPDATE_BONUS_CLAUSE",
          "schema": "input UpdateBonusClauseInput {\n  id: OID!\n  condition: String\n  bonusAmount: Amount\n  comment: String\n}"
        },
        "context": null,
        "scope": "global"
      },
      "scope": "global",
      "branch": "main"
    },
    {
      "id": "7ebd1ff0-8967-45f2-aa94-43392d19bb66",
      "timestampUtcMs": "2025-08-27T17:58:15.321Z",
      "skip": 0,
      "type": "ADD_OPERATION",
      "input": {
        "description": "Remove a bonus clause",
        "id": "delete-bonus-clause-op",
        "moduleId": "clauses-module",
        "name": "DELETE_BONUS_CLAUSE",
        "schema": "input DeleteBonusClauseInput {\n  id: OID!\n}"
      },
      "hash": "jO2KcTbBwShJ+T5tNHCCRhwKi68=",
      "index": 25,
      "context": null,
      "action": {
        "timestampUtcMs": "2025-08-27T17:58:15.321Z",
        "type": "ADD_OPERATION",
        "input": {
          "description": "Remove a bonus clause",
          "id": "delete-bonus-clause-op",
          "moduleId": "clauses-module",
          "name": "DELETE_BONUS_CLAUSE",
          "schema": "input DeleteBonusClauseInput {\n  id: OID!\n}"
        },
        "context": null,
        "scope": "global"
      },
      "scope": "global",
      "branch": "main"
    },
    {
      "id": "d6845a01-e1d3-4a1c-a63b-d4eae25dba22",
      "timestampUtcMs": "2025-08-27T17:58:15.321Z",
      "skip": 0,
      "type": "ADD_OPERATION",
      "input": {
        "description": "Add a new penalty clause",
        "id": "add-penalty-clause-op",
        "moduleId": "clauses-module",
        "name": "ADD_PENALTY_CLAUSE",
        "schema": "input AddPenaltyClauseInput {\n  id: OID!\n  condition: String!\n  deductionAmount: Amount!\n  comment: String\n}"
      },
      "hash": "lhuVFxegwMx8Y7mfXyMmn0mwdzo=",
      "index": 26,
      "context": null,
      "action": {
        "timestampUtcMs": "2025-08-27T17:58:15.321Z",
        "type": "ADD_OPERATION",
        "input": {
          "description": "Add a new penalty clause",
          "id": "add-penalty-clause-op",
          "moduleId": "clauses-module",
          "name": "ADD_PENALTY_CLAUSE",
          "schema": "input AddPenaltyClauseInput {\n  id: OID!\n  condition: String!\n  deductionAmount: Amount!\n  comment: String\n}"
        },
        "context": null,
        "scope": "global"
      },
      "scope": "global",
      "branch": "main"
    },
    {
      "id": "657ae296-5d5d-4d2e-b61b-258d6cfab92e",
      "timestampUtcMs": "2025-08-27T17:58:15.321Z",
      "skip": 0,
      "type": "ADD_OPERATION",
      "input": {
        "description": "Update penalty clause details",
        "id": "update-penalty-clause-op",
        "moduleId": "clauses-module",
        "name": "UPDATE_PENALTY_CLAUSE",
        "schema": "input UpdatePenaltyClauseInput {\n  id: OID!\n  condition: String\n  deductionAmount: Amount\n  comment: String\n}"
      },
      "hash": "YXvkDwfBZZDCf6SeQwGMBgDhBpo=",
      "index": 27,
      "context": null,
      "action": {
        "timestampUtcMs": "2025-08-27T17:58:15.321Z",
        "type": "ADD_OPERATION",
        "input": {
          "description": "Update penalty clause details",
          "id": "update-penalty-clause-op",
          "moduleId": "clauses-module",
          "name": "UPDATE_PENALTY_CLAUSE",
          "schema": "input UpdatePenaltyClauseInput {\n  id: OID!\n  condition: String\n  deductionAmount: Amount\n  comment: String\n}"
        },
        "context": null,
        "scope": "global"
      },
      "scope": "global",
      "branch": "main"
    },
    {
      "id": "98789b29-83a4-42c3-8807-b130f42be045",
      "timestampUtcMs": "2025-08-27T17:58:15.321Z",
      "skip": 0,
      "type": "ADD_OPERATION",
      "input": {
        "description": "Remove a penalty clause",
        "id": "delete-penalty-clause-op",
        "moduleId": "clauses-module",
        "name": "DELETE_PENALTY_CLAUSE",
        "schema": "input DeletePenaltyClauseInput {\n  id: OID!\n}"
      },
      "hash": "NgwxzjnS6C0cSLxCJWnNuneX82M=",
      "index": 28,
      "context": null,
      "action": {
        "timestampUtcMs": "2025-08-27T17:58:15.321Z",
        "type": "ADD_OPERATION",
        "input": {
          "description": "Remove a penalty clause",
          "id": "delete-penalty-clause-op",
          "moduleId": "clauses-module",
          "name": "DELETE_PENALTY_CLAUSE",
          "schema": "input DeletePenaltyClauseInput {\n  id: OID!\n}"
        },
        "context": null,
        "scope": "global"
      },
      "scope": "global",
      "branch": "main"
    },
    {
      "id": "07a1663f-f46e-42e7-b021-d61ae829cd5f",
      "timestampUtcMs": "2025-08-27T17:58:28.948Z",
      "skip": 0,
      "type": "ADD_OPERATION_ERROR",
      "input": {
        "errorCode": "MILESTONE_NOT_FOUND",
        "errorDescription": "Milestone with the specified ID was not found",
        "errorName": "MilestoneNotFoundError",
        "id": "milestone-not-found-update",
        "operationId": "update-milestone-op"
      },
      "hash": "el+X0i+Jz6FK8RfApvyuk+k1fFQ=",
      "index": 29,
      "context": null,
      "action": {
        "timestampUtcMs": "2025-08-27T17:58:28.948Z",
        "type": "ADD_OPERATION_ERROR",
        "input": {
          "errorCode": "MILESTONE_NOT_FOUND",
          "errorDescription": "Milestone with the specified ID was not found",
          "errorName": "MilestoneNotFoundError",
          "id": "milestone-not-found-update",
          "operationId": "update-milestone-op"
        },
        "context": null,
        "scope": "global"
      },
      "scope": "global",
      "branch": "main"
    },
    {
      "id": "e9c957e8-9860-4518-b352-5b023bc477be",
      "timestampUtcMs": "2025-08-27T17:58:28.948Z",
      "skip": 0,
      "type": "ADD_OPERATION_ERROR",
      "input": {
        "errorCode": "MILESTONE_NOT_FOUND",
        "errorDescription": "Milestone with the specified ID was not found",
        "errorName": "MilestoneNotFoundError",
        "id": "milestone-not-found-status",
        "operationId": "update-milestone-status-op"
      },
      "hash": "Idz1O4f6sCVSRAdq9u61bDXKjRc=",
      "index": 30,
      "context": null,
      "action": {
        "timestampUtcMs": "2025-08-27T17:58:28.948Z",
        "type": "ADD_OPERATION_ERROR",
        "input": {
          "errorCode": "MILESTONE_NOT_FOUND",
          "errorDescription": "Milestone with the specified ID was not found",
          "errorName": "MilestoneNotFoundError",
          "id": "milestone-not-found-status",
          "operationId": "update-milestone-status-op"
        },
        "context": null,
        "scope": "global"
      },
      "scope": "global",
      "branch": "main"
    },
    {
      "id": "6f0494a5-1964-42f9-9343-b4783696f6a9",
      "timestampUtcMs": "2025-08-27T17:58:28.948Z",
      "skip": 0,
      "type": "ADD_OPERATION_ERROR",
      "input": {
        "errorCode": "MILESTONE_NOT_FOUND",
        "errorDescription": "Milestone with the specified ID was not found",
        "errorName": "MilestoneNotFoundError",
        "id": "milestone-not-found-delete",
        "operationId": "delete-milestone-op"
      },
      "hash": "7m16ySdwgAXeZdqT+YamM9x4I3o=",
      "index": 31,
      "context": null,
      "action": {
        "timestampUtcMs": "2025-08-27T17:58:28.948Z",
        "type": "ADD_OPERATION_ERROR",
        "input": {
          "errorCode": "MILESTONE_NOT_FOUND",
          "errorDescription": "Milestone with the specified ID was not found",
          "errorName": "MilestoneNotFoundError",
          "id": "milestone-not-found-delete",
          "operationId": "delete-milestone-op"
        },
        "context": null,
        "scope": "global"
      },
      "scope": "global",
      "branch": "main"
    },
    {
      "id": "5be94d4f-a147-4495-9404-16b1e0e9d89d",
      "timestampUtcMs": "2025-08-27T17:58:28.949Z",
      "skip": 0,
      "type": "ADD_OPERATION_ERROR",
      "input": {
        "errorCode": "DUPLICATE_MILESTONE_ID",
        "errorDescription": "A milestone with this ID already exists",
        "errorName": "DuplicateMilestoneIdError",
        "id": "duplicate-milestone-id",
        "operationId": "add-milestone-op"
      },
      "hash": "Ru1MIC6wNGIsngKli7bkb8rtOMM=",
      "index": 32,
      "context": null,
      "action": {
        "timestampUtcMs": "2025-08-27T17:58:28.949Z",
        "type": "ADD_OPERATION_ERROR",
        "input": {
          "errorCode": "DUPLICATE_MILESTONE_ID",
          "errorDescription": "A milestone with this ID already exists",
          "errorName": "DuplicateMilestoneIdError",
          "id": "duplicate-milestone-id",
          "operationId": "add-milestone-op"
        },
        "context": null,
        "scope": "global"
      },
      "scope": "global",
      "branch": "main"
    },
    {
      "id": "6191ff72-8ca2-475f-b73a-d181185d66ae",
      "timestampUtcMs": "2025-08-27T17:58:28.949Z",
      "skip": 0,
      "type": "ADD_OPERATION_ERROR",
      "input": {
        "errorCode": "BONUS_CLAUSE_NOT_FOUND",
        "errorDescription": "Bonus clause with the specified ID was not found",
        "errorName": "BonusClauseNotFoundError",
        "id": "bonus-clause-not-found",
        "operationId": "update-bonus-clause-op"
      },
      "hash": "G2reaYXoeGuIR8YT2QdVTyH67Sc=",
      "index": 33,
      "context": null,
      "action": {
        "timestampUtcMs": "2025-08-27T17:58:28.949Z",
        "type": "ADD_OPERATION_ERROR",
        "input": {
          "errorCode": "BONUS_CLAUSE_NOT_FOUND",
          "errorDescription": "Bonus clause with the specified ID was not found",
          "errorName": "BonusClauseNotFoundError",
          "id": "bonus-clause-not-found",
          "operationId": "update-bonus-clause-op"
        },
        "context": null,
        "scope": "global"
      },
      "scope": "global",
      "branch": "main"
    },
    {
      "id": "4604d9c6-85d0-4f8f-ab8d-796d59b3fdaf",
      "timestampUtcMs": "2025-08-27T17:58:28.949Z",
      "skip": 0,
      "type": "ADD_OPERATION_ERROR",
      "input": {
        "errorCode": "BONUS_CLAUSE_NOT_FOUND",
        "errorDescription": "Bonus clause with the specified ID was not found",
        "errorName": "BonusClauseNotFoundError",
        "id": "bonus-clause-not-found-delete",
        "operationId": "delete-bonus-clause-op"
      },
      "hash": "QR5eWto9WhMz7TjpTP0ftX235nE=",
      "index": 34,
      "context": null,
      "action": {
        "timestampUtcMs": "2025-08-27T17:58:28.949Z",
        "type": "ADD_OPERATION_ERROR",
        "input": {
          "errorCode": "BONUS_CLAUSE_NOT_FOUND",
          "errorDescription": "Bonus clause with the specified ID was not found",
          "errorName": "BonusClauseNotFoundError",
          "id": "bonus-clause-not-found-delete",
          "operationId": "delete-bonus-clause-op"
        },
        "context": null,
        "scope": "global"
      },
      "scope": "global",
      "branch": "main"
    },
    {
      "id": "251e719e-7043-48f2-ae5e-bb5f9333a188",
      "timestampUtcMs": "2025-08-27T17:58:28.949Z",
      "skip": 0,
      "type": "ADD_OPERATION_ERROR",
      "input": {
        "errorCode": "DUPLICATE_BONUS_CLAUSE_ID",
        "errorDescription": "A bonus clause with this ID already exists",
        "errorName": "DuplicateBonusClauseIdError",
        "id": "duplicate-bonus-clause-id",
        "operationId": "add-bonus-clause-op"
      },
      "hash": "NlZQcnZ2gJI6Rtkq1Ij9uKQm3EE=",
      "index": 35,
      "context": null,
      "action": {
        "timestampUtcMs": "2025-08-27T17:58:28.949Z",
        "type": "ADD_OPERATION_ERROR",
        "input": {
          "errorCode": "DUPLICATE_BONUS_CLAUSE_ID",
          "errorDescription": "A bonus clause with this ID already exists",
          "errorName": "DuplicateBonusClauseIdError",
          "id": "duplicate-bonus-clause-id",
          "operationId": "add-bonus-clause-op"
        },
        "context": null,
        "scope": "global"
      },
      "scope": "global",
      "branch": "main"
    },
    {
      "id": "e298cc49-ff69-4524-a3bf-ede4ba992ff9",
      "timestampUtcMs": "2025-08-27T17:58:28.949Z",
      "skip": 0,
      "type": "ADD_OPERATION_ERROR",
      "input": {
        "errorCode": "PENALTY_CLAUSE_NOT_FOUND",
        "errorDescription": "Penalty clause with the specified ID was not found",
        "errorName": "PenaltyClauseNotFoundError",
        "id": "penalty-clause-not-found",
        "operationId": "update-penalty-clause-op"
      },
      "hash": "BiqtuPi5AFq6wKl8cjM/vQoD5pM=",
      "index": 36,
      "context": null,
      "action": {
        "timestampUtcMs": "2025-08-27T17:58:28.949Z",
        "type": "ADD_OPERATION_ERROR",
        "input": {
          "errorCode": "PENALTY_CLAUSE_NOT_FOUND",
          "errorDescription": "Penalty clause with the specified ID was not found",
          "errorName": "PenaltyClauseNotFoundError",
          "id": "penalty-clause-not-found",
          "operationId": "update-penalty-clause-op"
        },
        "context": null,
        "scope": "global"
      },
      "scope": "global",
      "branch": "main"
    },
    {
      "id": "f7c00058-1cd6-4497-9879-4f57b738d566",
      "timestampUtcMs": "2025-08-27T17:58:28.949Z",
      "skip": 0,
      "type": "ADD_OPERATION_ERROR",
      "input": {
        "errorCode": "PENALTY_CLAUSE_NOT_FOUND",
        "errorDescription": "Penalty clause with the specified ID was not found",
        "errorName": "PenaltyClauseNotFoundError",
        "id": "penalty-clause-not-found-delete",
        "operationId": "delete-penalty-clause-op"
      },
      "hash": "tU2uWDCoZcRfIrL3w9STkptbF5c=",
      "index": 37,
      "context": null,
      "action": {
        "timestampUtcMs": "2025-08-27T17:58:28.949Z",
        "type": "ADD_OPERATION_ERROR",
        "input": {
          "errorCode": "PENALTY_CLAUSE_NOT_FOUND",
          "errorDescription": "Penalty clause with the specified ID was not found",
          "errorName": "PenaltyClauseNotFoundError",
          "id": "penalty-clause-not-found-delete",
          "operationId": "delete-penalty-clause-op"
        },
        "context": null,
        "scope": "global"
      },
      "scope": "global",
      "branch": "main"
    },
    {
      "id": "05adf044-8965-42b0-aa6a-4de64b748c0e",
      "timestampUtcMs": "2025-08-27T17:58:28.949Z",
      "skip": 0,
      "type": "ADD_OPERATION_ERROR",
      "input": {
        "errorCode": "DUPLICATE_PENALTY_CLAUSE_ID",
        "errorDescription": "A penalty clause with this ID already exists",
        "errorName": "DuplicatePenaltyClauseIdError",
        "id": "duplicate-penalty-clause-id",
        "operationId": "add-penalty-clause-op"
      },
      "hash": "f8jBV9dIzVgx8V/89Ilh2yeYmBE=",
      "index": 38,
      "context": null,
      "action": {
        "timestampUtcMs": "2025-08-27T17:58:28.949Z",
        "type": "ADD_OPERATION_ERROR",
        "input": {
          "errorCode": "DUPLICATE_PENALTY_CLAUSE_ID",
          "errorDescription": "A penalty clause with this ID already exists",
          "errorName": "DuplicatePenaltyClauseIdError",
          "id": "duplicate-penalty-clause-id",
          "operationId": "add-penalty-clause-op"
        },
        "context": null,
        "scope": "global"
      },
      "scope": "global",
      "branch": "main"
    },
    {
      "id": "c9fbbfe1-906e-4bf6-8bb0-f3df073ca16f",
      "timestampUtcMs": "2025-08-27T17:58:37.798Z",
      "skip": 0,
      "type": "SET_OPERATION_REDUCER",
      "input": {
        "id": "set-basic-terms-op",
        "reducer": "state.proposer = action.input.proposer;\nstate.payer = action.input.payer;\nstate.currency = action.input.currency;\nstate.paymentModel = action.input.paymentModel;\nstate.totalAmount = action.input.totalAmount || null;"
      },
      "hash": "Kty9osKitbuTdC7bDp55WAVX2mE=",
      "index": 39,
      "context": null,
      "action": {
        "timestampUtcMs": "2025-08-27T17:58:37.798Z",
        "type": "SET_OPERATION_REDUCER",
        "input": {
          "id": "set-basic-terms-op",
          "reducer": "state.proposer = action.input.proposer;\nstate.payer = action.input.payer;\nstate.currency = action.input.currency;\nstate.paymentModel = action.input.paymentModel;\nstate.totalAmount = action.input.totalAmount || null;"
        },
        "context": null,
        "scope": "global"
      },
      "scope": "global",
      "branch": "main"
    },
    {
      "id": "585f4395-c097-41cc-aed0-767aebc54299",
      "timestampUtcMs": "2025-08-27T17:58:37.798Z",
      "skip": 0,
      "type": "SET_OPERATION_REDUCER",
      "input": {
        "id": "update-status-op",
        "reducer": "state.status = action.input.status;"
      },
      "hash": "c2QFrz/fziz2fdRpWD6EX3QeAmM=",
      "index": 40,
      "context": null,
      "action": {
        "timestampUtcMs": "2025-08-27T17:58:37.798Z",
        "type": "SET_OPERATION_REDUCER",
        "input": {
          "id": "update-status-op",
          "reducer": "state.status = action.input.status;"
        },
        "context": null,
        "scope": "global"
      },
      "scope": "global",
      "branch": "main"
    },
    {
      "id": "2cc2c5fa-7b70-43f4-a8bc-cb5ab3fa652a",
      "timestampUtcMs": "2025-08-27T17:58:37.798Z",
      "skip": 0,
      "type": "SET_OPERATION_REDUCER",
      "input": {
        "id": "set-time-materials-op",
        "reducer": "state.timeAndMaterials = {\n  retainerAmount: action.input.retainerAmount || null,\n  hourlyRate: action.input.hourlyRate || null,\n  variableCap: action.input.variableCap || null,\n  billingFrequency: action.input.billingFrequency,\n  timesheetRequired: action.input.timesheetRequired\n};"
      },
      "hash": "5HUYeXhoAQeKwNDSulqK2+dcDhY=",
      "index": 41,
      "context": null,
      "action": {
        "timestampUtcMs": "2025-08-27T17:58:37.798Z",
        "type": "SET_OPERATION_REDUCER",
        "input": {
          "id": "set-time-materials-op",
          "reducer": "state.timeAndMaterials = {\n  retainerAmount: action.input.retainerAmount || null,\n  hourlyRate: action.input.hourlyRate || null,\n  variableCap: action.input.variableCap || null,\n  billingFrequency: action.input.billingFrequency,\n  timesheetRequired: action.input.timesheetRequired\n};"
        },
        "context": null,
        "scope": "global"
      },
      "scope": "global",
      "branch": "main"
    },
    {
      "id": "1707d11a-f11c-47cf-82e8-2589bd3295f3",
      "timestampUtcMs": "2025-08-27T17:58:37.798Z",
      "skip": 0,
      "type": "SET_OPERATION_REDUCER",
      "input": {
        "id": "set-escrow-op",
        "reducer": "state.escrowDetails = {\n  amountHeld: action.input.amountHeld,\n  proofOfFundsDocumentId: action.input.proofOfFundsDocumentId || null,\n  releaseConditions: action.input.releaseConditions,\n  escrowProvider: action.input.escrowProvider || null\n};"
      },
      "hash": "ZrWDPM0lzkDspPQgEkse9npmzzw=",
      "index": 42,
      "context": null,
      "action": {
        "timestampUtcMs": "2025-08-27T17:58:37.798Z",
        "type": "SET_OPERATION_REDUCER",
        "input": {
          "id": "set-escrow-op",
          "reducer": "state.escrowDetails = {\n  amountHeld: action.input.amountHeld,\n  proofOfFundsDocumentId: action.input.proofOfFundsDocumentId || null,\n  releaseConditions: action.input.releaseConditions,\n  escrowProvider: action.input.escrowProvider || null\n};"
        },
        "context": null,
        "scope": "global"
      },
      "scope": "global",
      "branch": "main"
    },
    {
      "id": "1f27792e-41ea-4d03-b67b-4d8d896f5222",
      "timestampUtcMs": "2025-08-27T17:58:37.798Z",
      "skip": 0,
      "type": "SET_OPERATION_REDUCER",
      "input": {
        "id": "set-evaluation-op",
        "reducer": "state.evaluation = {\n  evaluationFrequency: action.input.evaluationFrequency,\n  evaluatorTeam: action.input.evaluatorTeam,\n  criteria: action.input.criteria,\n  impactsPayout: action.input.impactsPayout,\n  impactsReputation: action.input.impactsReputation,\n  commentsVisibleToClient: action.input.commentsVisibleToClient\n};"
      },
      "hash": "57M+Gx/y8oZi/Os47KgPKPh6lRw=",
      "index": 43,
      "context": null,
      "action": {
        "timestampUtcMs": "2025-08-27T17:58:37.798Z",
        "type": "SET_OPERATION_REDUCER",
        "input": {
          "id": "set-evaluation-op",
          "reducer": "state.evaluation = {\n  evaluationFrequency: action.input.evaluationFrequency,\n  evaluatorTeam: action.input.evaluatorTeam,\n  criteria: action.input.criteria,\n  impactsPayout: action.input.impactsPayout,\n  impactsReputation: action.input.impactsReputation,\n  commentsVisibleToClient: action.input.commentsVisibleToClient\n};"
        },
        "context": null,
        "scope": "global"
      },
      "scope": "global",
      "branch": "main"
    },
    {
      "id": "08346df2-3966-4e53-86e4-d6d6a1724edc",
      "timestampUtcMs": "2025-08-27T17:58:48.496Z",
      "skip": 0,
      "type": "SET_OPERATION_REDUCER",
      "input": {
        "id": "add-milestone-op",
        "reducer": "const existingIndex = state.milestoneSchedule.findIndex(m => m.id === action.input.id);\nif (existingIndex !== -1) {\n  throw new DuplicateMilestoneIdError(`Milestone with ID ${action.input.id} already exists`);\n}\n\nconst newMilestone = {\n  id: action.input.id,\n  name: action.input.name,\n  amount: action.input.amount,\n  expectedCompletionDate: action.input.expectedCompletionDate || null,\n  requiresApproval: action.input.requiresApproval,\n  payoutStatus: \"PENDING\"\n};\n\nstate.milestoneSchedule.push(newMilestone);"
      },
      "hash": "nzerYoHfn+7dk5ZXgxauvi0cXQU=",
      "index": 44,
      "context": null,
      "action": {
        "timestampUtcMs": "2025-08-27T17:58:48.496Z",
        "type": "SET_OPERATION_REDUCER",
        "input": {
          "id": "add-milestone-op",
          "reducer": "const existingIndex = state.milestoneSchedule.findIndex(m => m.id === action.input.id);\nif (existingIndex !== -1) {\n  throw new DuplicateMilestoneIdError(`Milestone with ID ${action.input.id} already exists`);\n}\n\nconst newMilestone = {\n  id: action.input.id,\n  name: action.input.name,\n  amount: action.input.amount,\n  expectedCompletionDate: action.input.expectedCompletionDate || null,\n  requiresApproval: action.input.requiresApproval,\n  payoutStatus: \"PENDING\"\n};\n\nstate.milestoneSchedule.push(newMilestone);"
        },
        "context": null,
        "scope": "global"
      },
      "scope": "global",
      "branch": "main"
    },
    {
      "id": "bcb1822a-492e-4671-864f-f62aa77d6d1c",
      "timestampUtcMs": "2025-08-27T17:58:48.497Z",
      "skip": 0,
      "type": "SET_OPERATION_REDUCER",
      "input": {
        "id": "update-milestone-op",
        "reducer": "const milestoneIndex = state.milestoneSchedule.findIndex(m => m.id === action.input.id);\nif (milestoneIndex === -1) {\n  throw new MilestoneNotFoundError(`Milestone with ID ${action.input.id} not found`);\n}\n\nconst milestone = state.milestoneSchedule[milestoneIndex];\nif (action.input.name !== undefined) milestone.name = action.input.name;\nif (action.input.amount !== undefined) milestone.amount = action.input.amount;\nif (action.input.expectedCompletionDate !== undefined) milestone.expectedCompletionDate = action.input.expectedCompletionDate || null;\nif (action.input.requiresApproval !== undefined) milestone.requiresApproval = action.input.requiresApproval;"
      },
      "hash": "grU3wo0m0J5xire+3aFZrfdNAXE=",
      "index": 45,
      "context": null,
      "action": {
        "timestampUtcMs": "2025-08-27T17:58:48.497Z",
        "type": "SET_OPERATION_REDUCER",
        "input": {
          "id": "update-milestone-op",
          "reducer": "const milestoneIndex = state.milestoneSchedule.findIndex(m => m.id === action.input.id);\nif (milestoneIndex === -1) {\n  throw new MilestoneNotFoundError(`Milestone with ID ${action.input.id} not found`);\n}\n\nconst milestone = state.milestoneSchedule[milestoneIndex];\nif (action.input.name !== undefined) milestone.name = action.input.name;\nif (action.input.amount !== undefined) milestone.amount = action.input.amount;\nif (action.input.expectedCompletionDate !== undefined) milestone.expectedCompletionDate = action.input.expectedCompletionDate || null;\nif (action.input.requiresApproval !== undefined) milestone.requiresApproval = action.input.requiresApproval;"
        },
        "context": null,
        "scope": "global"
      },
      "scope": "global",
      "branch": "main"
    },
    {
      "id": "a2c588d3-4ee2-4598-b93b-1771c059c44a",
      "timestampUtcMs": "2025-08-27T17:58:48.497Z",
      "skip": 0,
      "type": "SET_OPERATION_REDUCER",
      "input": {
        "id": "update-milestone-status-op",
        "reducer": "const milestoneIndex = state.milestoneSchedule.findIndex(m => m.id === action.input.id);\nif (milestoneIndex === -1) {\n  throw new MilestoneNotFoundError(`Milestone with ID ${action.input.id} not found`);\n}\n\nstate.milestoneSchedule[milestoneIndex].payoutStatus = action.input.payoutStatus;"
      },
      "hash": "sckuL0qW17t5Z0J1i0tqHCiRL3I=",
      "index": 46,
      "context": null,
      "action": {
        "timestampUtcMs": "2025-08-27T17:58:48.497Z",
        "type": "SET_OPERATION_REDUCER",
        "input": {
          "id": "update-milestone-status-op",
          "reducer": "const milestoneIndex = state.milestoneSchedule.findIndex(m => m.id === action.input.id);\nif (milestoneIndex === -1) {\n  throw new MilestoneNotFoundError(`Milestone with ID ${action.input.id} not found`);\n}\n\nstate.milestoneSchedule[milestoneIndex].payoutStatus = action.input.payoutStatus;"
        },
        "context": null,
        "scope": "global"
      },
      "scope": "global",
      "branch": "main"
    },
    {
      "id": "999c7680-99f1-4e25-904b-c6301d72222f",
      "timestampUtcMs": "2025-08-27T17:58:48.497Z",
      "skip": 0,
      "type": "SET_OPERATION_REDUCER",
      "input": {
        "id": "delete-milestone-op",
        "reducer": "const milestoneIndex = state.milestoneSchedule.findIndex(m => m.id === action.input.id);\nif (milestoneIndex === -1) {\n  throw new MilestoneNotFoundError(`Milestone with ID ${action.input.id} not found`);\n}\n\nstate.milestoneSchedule.splice(milestoneIndex, 1);"
      },
      "hash": "KTvd+GVwJbVkEfq0MVj69TvUhnw=",
      "index": 47,
      "context": null,
      "action": {
        "timestampUtcMs": "2025-08-27T17:58:48.497Z",
        "type": "SET_OPERATION_REDUCER",
        "input": {
          "id": "delete-milestone-op",
          "reducer": "const milestoneIndex = state.milestoneSchedule.findIndex(m => m.id === action.input.id);\nif (milestoneIndex === -1) {\n  throw new MilestoneNotFoundError(`Milestone with ID ${action.input.id} not found`);\n}\n\nstate.milestoneSchedule.splice(milestoneIndex, 1);"
        },
        "context": null,
        "scope": "global"
      },
      "scope": "global",
      "branch": "main"
    },
    {
      "id": "b3d667f5-c5f4-4680-8495-024732523544",
      "timestampUtcMs": "2025-08-27T17:58:48.498Z",
      "skip": 0,
      "type": "SET_OPERATION_REDUCER",
      "input": {
        "id": "reorder-milestones-op",
        "reducer": "const reorderedMilestones = [];\nfor (const id of action.input.order) {\n  const milestone = state.milestoneSchedule.find(m => m.id === id);\n  if (milestone) {\n    reorderedMilestones.push(milestone);\n  }\n}\nstate.milestoneSchedule = reorderedMilestones;"
      },
      "hash": "b4W9kq7FfY7A6unip7F7s8HLEJs=",
      "index": 48,
      "context": null,
      "action": {
        "timestampUtcMs": "2025-08-27T17:58:48.498Z",
        "type": "SET_OPERATION_REDUCER",
        "input": {
          "id": "reorder-milestones-op",
          "reducer": "const reorderedMilestones = [];\nfor (const id of action.input.order) {\n  const milestone = state.milestoneSchedule.find(m => m.id === id);\n  if (milestone) {\n    reorderedMilestones.push(milestone);\n  }\n}\nstate.milestoneSchedule = reorderedMilestones;"
        },
        "context": null,
        "scope": "global"
      },
      "scope": "global",
      "branch": "main"
    },
    {
      "id": "f1882940-c30d-4d12-916c-7f407cda7878",
      "timestampUtcMs": "2025-08-27T17:59:02.424Z",
      "skip": 0,
      "type": "SET_OPERATION_REDUCER",
      "input": {
        "id": "add-bonus-clause-op",
        "reducer": "const existingIndex = state.bonusClauses.findIndex(c => c.id === action.input.id);\nif (existingIndex !== -1) {\n  throw new DuplicateBonusClauseIdError(`Bonus clause with ID ${action.input.id} already exists`);\n}\n\nconst newClause = {\n  id: action.input.id,\n  condition: action.input.condition,\n  bonusAmount: action.input.bonusAmount,\n  comment: action.input.comment || null\n};\n\nstate.bonusClauses.push(newClause);"
      },
      "hash": "UUUQKt6uLl8XgV//gnGAvEWJzqc=",
      "index": 49,
      "context": null,
      "action": {
        "timestampUtcMs": "2025-08-27T17:59:02.424Z",
        "type": "SET_OPERATION_REDUCER",
        "input": {
          "id": "add-bonus-clause-op",
          "reducer": "const existingIndex = state.bonusClauses.findIndex(c => c.id === action.input.id);\nif (existingIndex !== -1) {\n  throw new DuplicateBonusClauseIdError(`Bonus clause with ID ${action.input.id} already exists`);\n}\n\nconst newClause = {\n  id: action.input.id,\n  condition: action.input.condition,\n  bonusAmount: action.input.bonusAmount,\n  comment: action.input.comment || null\n};\n\nstate.bonusClauses.push(newClause);"
        },
        "context": null,
        "scope": "global"
      },
      "scope": "global",
      "branch": "main"
    },
    {
      "id": "f81a083a-de80-4da2-81ac-507cc502fba1",
      "timestampUtcMs": "2025-08-27T17:59:02.424Z",
      "skip": 0,
      "type": "SET_OPERATION_REDUCER",
      "input": {
        "id": "update-bonus-clause-op",
        "reducer": "const clauseIndex = state.bonusClauses.findIndex(c => c.id === action.input.id);\nif (clauseIndex === -1) {\n  throw new BonusClauseNotFoundError(`Bonus clause with ID ${action.input.id} not found`);\n}\n\nconst clause = state.bonusClauses[clauseIndex];\nif (action.input.condition !== undefined) clause.condition = action.input.condition;\nif (action.input.bonusAmount !== undefined) clause.bonusAmount = action.input.bonusAmount;\nif (action.input.comment !== undefined) clause.comment = action.input.comment || null;"
      },
      "hash": "5wifbGXk17FTIhY3CZ6EgR/SJV8=",
      "index": 50,
      "context": null,
      "action": {
        "timestampUtcMs": "2025-08-27T17:59:02.424Z",
        "type": "SET_OPERATION_REDUCER",
        "input": {
          "id": "update-bonus-clause-op",
          "reducer": "const clauseIndex = state.bonusClauses.findIndex(c => c.id === action.input.id);\nif (clauseIndex === -1) {\n  throw new BonusClauseNotFoundError(`Bonus clause with ID ${action.input.id} not found`);\n}\n\nconst clause = state.bonusClauses[clauseIndex];\nif (action.input.condition !== undefined) clause.condition = action.input.condition;\nif (action.input.bonusAmount !== undefined) clause.bonusAmount = action.input.bonusAmount;\nif (action.input.comment !== undefined) clause.comment = action.input.comment || null;"
        },
        "context": null,
        "scope": "global"
      },
      "scope": "global",
      "branch": "main"
    },
    {
      "id": "ec521cb1-d842-45bd-9b1d-f3004128c3f1",
      "timestampUtcMs": "2025-08-27T17:59:02.424Z",
      "skip": 0,
      "type": "SET_OPERATION_REDUCER",
      "input": {
        "id": "delete-bonus-clause-op",
        "reducer": "const clauseIndex = state.bonusClauses.findIndex(c => c.id === action.input.id);\nif (clauseIndex === -1) {\n  throw new BonusClauseNotFoundError(`Bonus clause with ID ${action.input.id} not found`);\n}\n\nstate.bonusClauses.splice(clauseIndex, 1);"
      },
      "hash": "bgSgvwFFBCTMt1pLe2tEQQXddFg=",
      "index": 51,
      "context": null,
      "action": {
        "timestampUtcMs": "2025-08-27T17:59:02.424Z",
        "type": "SET_OPERATION_REDUCER",
        "input": {
          "id": "delete-bonus-clause-op",
          "reducer": "const clauseIndex = state.bonusClauses.findIndex(c => c.id === action.input.id);\nif (clauseIndex === -1) {\n  throw new BonusClauseNotFoundError(`Bonus clause with ID ${action.input.id} not found`);\n}\n\nstate.bonusClauses.splice(clauseIndex, 1);"
        },
        "context": null,
        "scope": "global"
      },
      "scope": "global",
      "branch": "main"
    },
    {
      "id": "5d49e026-fe87-4479-97fd-3a3bb6c3aaea",
      "timestampUtcMs": "2025-08-27T17:59:02.425Z",
      "skip": 0,
      "type": "SET_OPERATION_REDUCER",
      "input": {
        "id": "add-penalty-clause-op",
        "reducer": "const existingIndex = state.penaltyClauses.findIndex(c => c.id === action.input.id);\nif (existingIndex !== -1) {\n  throw new DuplicatePenaltyClauseIdError(`Penalty clause with ID ${action.input.id} already exists`);\n}\n\nconst newClause = {\n  id: action.input.id,\n  condition: action.input.condition,\n  deductionAmount: action.input.deductionAmount,\n  comment: action.input.comment || null\n};\n\nstate.penaltyClauses.push(newClause);"
      },
      "hash": "+Z8C1Yin4qTymlVPxR6y363Rld0=",
      "index": 52,
      "context": null,
      "action": {
        "timestampUtcMs": "2025-08-27T17:59:02.425Z",
        "type": "SET_OPERATION_REDUCER",
        "input": {
          "id": "add-penalty-clause-op",
          "reducer": "const existingIndex = state.penaltyClauses.findIndex(c => c.id === action.input.id);\nif (existingIndex !== -1) {\n  throw new DuplicatePenaltyClauseIdError(`Penalty clause with ID ${action.input.id} already exists`);\n}\n\nconst newClause = {\n  id: action.input.id,\n  condition: action.input.condition,\n  deductionAmount: action.input.deductionAmount,\n  comment: action.input.comment || null\n};\n\nstate.penaltyClauses.push(newClause);"
        },
        "context": null,
        "scope": "global"
      },
      "scope": "global",
      "branch": "main"
    },
    {
      "id": "a53160f5-ce5f-4bf3-99d6-dcd68eaa005f",
      "timestampUtcMs": "2025-08-27T17:59:02.425Z",
      "skip": 0,
      "type": "SET_OPERATION_REDUCER",
      "input": {
        "id": "update-penalty-clause-op",
        "reducer": "const clauseIndex = state.penaltyClauses.findIndex(c => c.id === action.input.id);\nif (clauseIndex === -1) {\n  throw new PenaltyClauseNotFoundError(`Penalty clause with ID ${action.input.id} not found`);\n}\n\nconst clause = state.penaltyClauses[clauseIndex];\nif (action.input.condition !== undefined) clause.condition = action.input.condition;\nif (action.input.deductionAmount !== undefined) clause.deductionAmount = action.input.deductionAmount;\nif (action.input.comment !== undefined) clause.comment = action.input.comment || null;"
      },
      "hash": "X/TpU5y7tTRolTGUEqsCVjodBmc=",
      "index": 53,
      "context": null,
      "action": {
        "timestampUtcMs": "2025-08-27T17:59:02.425Z",
        "type": "SET_OPERATION_REDUCER",
        "input": {
          "id": "update-penalty-clause-op",
          "reducer": "const clauseIndex = state.penaltyClauses.findIndex(c => c.id === action.input.id);\nif (clauseIndex === -1) {\n  throw new PenaltyClauseNotFoundError(`Penalty clause with ID ${action.input.id} not found`);\n}\n\nconst clause = state.penaltyClauses[clauseIndex];\nif (action.input.condition !== undefined) clause.condition = action.input.condition;\nif (action.input.deductionAmount !== undefined) clause.deductionAmount = action.input.deductionAmount;\nif (action.input.comment !== undefined) clause.comment = action.input.comment || null;"
        },
        "context": null,
        "scope": "global"
      },
      "scope": "global",
      "branch": "main"
    },
    {
      "id": "29292c16-adaf-4135-a668-43d087946630",
      "timestampUtcMs": "2025-08-27T17:59:02.425Z",
      "skip": 0,
      "type": "SET_OPERATION_REDUCER",
      "input": {
        "id": "delete-penalty-clause-op",
        "reducer": "const clauseIndex = state.penaltyClauses.findIndex(c => c.id === action.input.id);\nif (clauseIndex === -1) {\n  throw new PenaltyClauseNotFoundError(`Penalty clause with ID ${action.input.id} not found`);\n}\n\nstate.penaltyClauses.splice(clauseIndex, 1);"
      },
      "hash": "LLGXHFq28szU6IBs0wfdo6ZF9w0=",
      "index": 54,
      "context": null,
      "action": {
        "timestampUtcMs": "2025-08-27T17:59:02.425Z",
        "type": "SET_OPERATION_REDUCER",
        "input": {
          "id": "delete-penalty-clause-op",
          "reducer": "const clauseIndex = state.penaltyClauses.findIndex(c => c.id === action.input.id);\nif (clauseIndex === -1) {\n  throw new PenaltyClauseNotFoundError(`Penalty clause with ID ${action.input.id} not found`);\n}\n\nstate.penaltyClauses.splice(clauseIndex, 1);"
        },
        "context": null,
        "scope": "global"
      },
      "scope": "global",
      "branch": "main"
    },
    {
      "id": "f56be17e-58ce-4c66-9d49-ffc5f4f15299",
      "timestampUtcMs": "2025-08-27T18:15:51.311Z",
      "skip": 0,
      "type": "SET_OPERATION_REDUCER",
      "input": {
        "id": "add-milestone-op",
        "reducer": "const existingIndex = state.milestoneSchedule.findIndex(m => m.id === action.input.id);\nif (existingIndex !== -1) {\n  throw new DuplicateMilestoneIdError(`Milestone with ID ${action.input.id} already exists`);\n}\n\nconst newMilestone = {\n  id: action.input.id,\n  name: action.input.name,\n  amount: action.input.amount,\n  expectedCompletionDate: action.input.expectedCompletionDate || null,\n  requiresApproval: action.input.requiresApproval,\n  payoutStatus: \"PENDING\" as \"PENDING\"\n};\n\nstate.milestoneSchedule.push(newMilestone);"
      },
      "hash": "9TmUsOWi1zsiTpaEmIdvd6T5AiY=",
      "index": 55,
      "context": null,
      "action": {
        "timestampUtcMs": "2025-08-27T18:15:51.311Z",
        "type": "SET_OPERATION_REDUCER",
        "input": {
          "id": "add-milestone-op",
          "reducer": "const existingIndex = state.milestoneSchedule.findIndex(m => m.id === action.input.id);\nif (existingIndex !== -1) {\n  throw new DuplicateMilestoneIdError(`Milestone with ID ${action.input.id} already exists`);\n}\n\nconst newMilestone = {\n  id: action.input.id,\n  name: action.input.name,\n  amount: action.input.amount,\n  expectedCompletionDate: action.input.expectedCompletionDate || null,\n  requiresApproval: action.input.requiresApproval,\n  payoutStatus: \"PENDING\" as \"PENDING\"\n};\n\nstate.milestoneSchedule.push(newMilestone);"
        },
        "context": null,
        "scope": "global"
      },
      "scope": "global",
      "branch": "main"
    },
    {
      "id": "c6c83a62-5fc1-4d3e-8229-96f5fa9f6265",
      "timestampUtcMs": "2025-08-27T18:15:51.311Z",
      "skip": 0,
      "type": "SET_OPERATION_REDUCER",
      "input": {
        "id": "update-milestone-op",
        "reducer": "const milestoneIndex = state.milestoneSchedule.findIndex(m => m.id === action.input.id);\nif (milestoneIndex === -1) {\n  throw new MilestoneNotFoundError(`Milestone with ID ${action.input.id} not found`);\n}\n\nconst milestone = state.milestoneSchedule[milestoneIndex];\nif (action.input.name) milestone.name = action.input.name;\nif (action.input.amount) milestone.amount = action.input.amount;\nif (action.input.expectedCompletionDate !== undefined) milestone.expectedCompletionDate = action.input.expectedCompletionDate || null;\nif (action.input.requiresApproval !== undefined && action.input.requiresApproval !== null) milestone.requiresApproval = action.input.requiresApproval;"
      },
      "hash": "QaP3wCKY/rnu0PyCz0z64x43FM0=",
      "index": 56,
      "context": null,
      "action": {
        "timestampUtcMs": "2025-08-27T18:15:51.311Z",
        "type": "SET_OPERATION_REDUCER",
        "input": {
          "id": "update-milestone-op",
          "reducer": "const milestoneIndex = state.milestoneSchedule.findIndex(m => m.id === action.input.id);\nif (milestoneIndex === -1) {\n  throw new MilestoneNotFoundError(`Milestone with ID ${action.input.id} not found`);\n}\n\nconst milestone = state.milestoneSchedule[milestoneIndex];\nif (action.input.name) milestone.name = action.input.name;\nif (action.input.amount) milestone.amount = action.input.amount;\nif (action.input.expectedCompletionDate !== undefined) milestone.expectedCompletionDate = action.input.expectedCompletionDate || null;\nif (action.input.requiresApproval !== undefined && action.input.requiresApproval !== null) milestone.requiresApproval = action.input.requiresApproval;"
        },
        "context": null,
        "scope": "global"
      },
      "scope": "global",
      "branch": "main"
    },
    {
      "id": "f8c8b42c-cd5a-4d91-afd3-7b2b79271c4e",
      "timestampUtcMs": "2025-08-27T18:15:51.311Z",
      "skip": 0,
      "type": "SET_OPERATION_REDUCER",
      "input": {
        "id": "update-bonus-clause-op",
        "reducer": "const clauseIndex = state.bonusClauses.findIndex(c => c.id === action.input.id);\nif (clauseIndex === -1) {\n  throw new BonusClauseNotFoundError(`Bonus clause with ID ${action.input.id} not found`);\n}\n\nconst clause = state.bonusClauses[clauseIndex];\nif (action.input.condition) clause.condition = action.input.condition;\nif (action.input.bonusAmount) clause.bonusAmount = action.input.bonusAmount;\nif (action.input.comment !== undefined) clause.comment = action.input.comment || null;"
      },
      "hash": "oM3ks2IKtHh5yb4y+i8NQQ8QmyU=",
      "index": 57,
      "context": null,
      "action": {
        "timestampUtcMs": "2025-08-27T18:15:51.311Z",
        "type": "SET_OPERATION_REDUCER",
        "input": {
          "id": "update-bonus-clause-op",
          "reducer": "const clauseIndex = state.bonusClauses.findIndex(c => c.id === action.input.id);\nif (clauseIndex === -1) {\n  throw new BonusClauseNotFoundError(`Bonus clause with ID ${action.input.id} not found`);\n}\n\nconst clause = state.bonusClauses[clauseIndex];\nif (action.input.condition) clause.condition = action.input.condition;\nif (action.input.bonusAmount) clause.bonusAmount = action.input.bonusAmount;\nif (action.input.comment !== undefined) clause.comment = action.input.comment || null;"
        },
        "context": null,
        "scope": "global"
      },
      "scope": "global",
      "branch": "main"
    },
    {
      "id": "df02c622-cf44-4517-9216-b603fdc445f3",
      "timestampUtcMs": "2025-08-27T18:15:51.311Z",
      "skip": 0,
      "type": "SET_OPERATION_REDUCER",
      "input": {
        "id": "update-penalty-clause-op",
        "reducer": "const clauseIndex = state.penaltyClauses.findIndex(c => c.id === action.input.id);\nif (clauseIndex === -1) {\n  throw new PenaltyClauseNotFoundError(`Penalty clause with ID ${action.input.id} not found`);\n}\n\nconst clause = state.penaltyClauses[clauseIndex];\nif (action.input.condition) clause.condition = action.input.condition;\nif (action.input.deductionAmount) clause.deductionAmount = action.input.deductionAmount;\nif (action.input.comment !== undefined) clause.comment = action.input.comment || null;"
      },
      "hash": "8Q78YQ2iye/cucmzOY1awCMfwqE=",
      "index": 58,
      "context": null,
      "action": {
        "timestampUtcMs": "2025-08-27T18:15:51.311Z",
        "type": "SET_OPERATION_REDUCER",
        "input": {
          "id": "update-penalty-clause-op",
          "reducer": "const clauseIndex = state.penaltyClauses.findIndex(c => c.id === action.input.id);\nif (clauseIndex === -1) {\n  throw new PenaltyClauseNotFoundError(`Penalty clause with ID ${action.input.id} not found`);\n}\n\nconst clause = state.penaltyClauses[clauseIndex];\nif (action.input.condition) clause.condition = action.input.condition;\nif (action.input.deductionAmount) clause.deductionAmount = action.input.deductionAmount;\nif (action.input.comment !== undefined) clause.comment = action.input.comment || null;"
        },
        "context": null,
        "scope": "global"
      },
      "scope": "global",
      "branch": "main"
    },
    {
      "id": "cdeb9173-cbba-457c-8e81-edfac0678a21",
      "timestampUtcMs": "2025-08-27T19:12:09.961Z",
      "skip": 0,
      "type": "SET_OPERATION_SCHEMA",
      "input": {
        "id": "set-basic-terms-op",
        "schema": "input SetBasicTermsInput {\n  proposer: String!\n  payer: String!\n  currency: PaymentCurrency!\n  paymentModel: PaymentModel!\n  totalAmount: Amount\n}"
      },
      "hash": "IvznqtbKJk7P9bFdNtQnG3k5/es=",
      "index": 59,
      "context": null,
      "action": {
        "timestampUtcMs": "2025-08-27T19:12:09.961Z",
        "type": "SET_OPERATION_SCHEMA",
        "input": {
          "id": "set-basic-terms-op",
          "schema": "input SetBasicTermsInput {\n  proposer: String!\n  payer: String!\n  currency: PaymentCurrency!\n  paymentModel: PaymentModel!\n  totalAmount: Amount\n}"
        },
        "context": null,
        "scope": "global"
      },
      "scope": "global",
      "branch": "main"
    },
    {
      "id": "e0b1fad6-5c5f-4ea4-abd0-a4a400f37a54",
      "timestampUtcMs": "2025-08-27T20:30:48.035Z",
      "skip": 0,
      "type": "SET_STATE_SCHEMA",
      "input": {
        "schema": "enum PaymentTermsStatus {\n  DRAFT\n  SUBMITTED\n  ACCEPTED\n  CANCELLED\n}\n\nenum PaymentCurrency {\n  USD\n  EUR\n  GBP\n}\n\nenum PaymentModel {\n  MILESTONE\n  TIME_AND_MATERIALS\n}\n\nenum MilestonePayoutStatus {\n  PENDING\n  READY_FOR_REVIEW\n  APPROVED\n  PAID\n  REJECTED\n}\n\nenum BillingFrequency {\n  WEEKLY\n  BIWEEKLY\n  MONTHLY\n}\n\nenum EvaluationFrequency {\n  WEEKLY\n  MONTHLY\n  PER_MILESTONE\n}\n\ntype Milestone {\n  id: OID!\n  name: String!\n  amount: Amount!\n  expectedCompletionDate: Date\n  requiresApproval: Boolean!\n  payoutStatus: MilestonePayoutStatus!\n}\n\ntype TimeAndMaterials {\n  retainerAmount: Amount\n  hourlyRate: Amount\n  variableCap: Amount\n  billingFrequency: BillingFrequency!\n  timesheetRequired: Boolean!\n}\n\ntype Escrow {\n  amountHeld: Amount!\n  proofOfFundsDocumentId: String\n  releaseConditions: String!\n  escrowProvider: String\n}\n\ntype EvaluationTerms {\n  evaluationFrequency: EvaluationFrequency!\n  evaluatorTeam: String!\n  criteria: [String!]!\n  impactsPayout: Boolean!\n  impactsReputation: Boolean!\n  commentsVisibleToClient: Boolean!\n}\n\ntype BonusClause {\n  id: OID!\n  condition: String!\n  bonusAmount: Amount!\n  comment: String\n}\n\ntype PenaltyClause {\n  id: OID!\n  condition: String!\n  deductionAmount: Amount!\n  comment: String\n}\n\ntype PaymentTermsState {\n  status: PaymentTermsStatus!\n  proposer: String!\n  payer: String!\n  currency: PaymentCurrency!\n  paymentModel: PaymentModel!\n  totalAmount: Amount\n  milestoneSchedule: [Milestone!]!\n  timeAndMaterials: TimeAndMaterials\n  escrowDetails: Escrow\n  evaluation: EvaluationTerms\n  bonusClauses: [BonusClause!]!\n  penaltyClauses: [PenaltyClause!]!\n}",
        "scope": "global"
      },
      "hash": "xKl1EzHiYr9YKxFSVNC2bsytHDs=",
      "index": 60,
      "context": null,
      "action": {
        "timestampUtcMs": "2025-08-27T20:30:48.035Z",
        "type": "SET_STATE_SCHEMA",
        "input": {
          "schema": "enum PaymentTermsStatus {\n  DRAFT\n  SUBMITTED\n  ACCEPTED\n  CANCELLED\n}\n\nenum PaymentCurrency {\n  USD\n  EUR\n  GBP\n}\n\nenum PaymentModel {\n  MILESTONE\n  TIME_AND_MATERIALS\n}\n\nenum MilestonePayoutStatus {\n  PENDING\n  READY_FOR_REVIEW\n  APPROVED\n  PAID\n  REJECTED\n}\n\nenum BillingFrequency {\n  WEEKLY\n  BIWEEKLY\n  MONTHLY\n}\n\nenum EvaluationFrequency {\n  WEEKLY\n  MONTHLY\n  PER_MILESTONE\n}\n\ntype Milestone {\n  id: OID!\n  name: String!\n  amount: Amount!\n  expectedCompletionDate: Date\n  requiresApproval: Boolean!\n  payoutStatus: MilestonePayoutStatus!\n}\n\ntype TimeAndMaterials {\n  retainerAmount: Amount\n  hourlyRate: Amount\n  variableCap: Amount\n  billingFrequency: BillingFrequency!\n  timesheetRequired: Boolean!\n}\n\ntype Escrow {\n  amountHeld: Amount!\n  proofOfFundsDocumentId: String\n  releaseConditions: String!\n  escrowProvider: String\n}\n\ntype EvaluationTerms {\n  evaluationFrequency: EvaluationFrequency!\n  evaluatorTeam: String!\n  criteria: [String!]!\n  impactsPayout: Boolean!\n  impactsReputation: Boolean!\n  commentsVisibleToClient: Boolean!\n}\n\ntype BonusClause {\n  id: OID!\n  condition: String!\n  bonusAmount: Amount!\n  comment: String\n}\n\ntype PenaltyClause {\n  id: OID!\n  condition: String!\n  deductionAmount: Amount!\n  comment: String\n}\n\ntype PaymentTermsState {\n  status: PaymentTermsStatus!\n  proposer: String!\n  payer: String!\n  currency: PaymentCurrency!\n  paymentModel: PaymentModel!\n  totalAmount: Amount\n  milestoneSchedule: [Milestone!]!\n  timeAndMaterials: TimeAndMaterials\n  escrowDetails: Escrow\n  evaluation: EvaluationTerms\n  bonusClauses: [BonusClause!]!\n  penaltyClauses: [PenaltyClause!]!\n}",
          "scope": "global"
        },
        "context": null,
        "scope": "global"
      },
      "scope": "global",
      "branch": "main"
    },
    {
      "id": "475ffaf3-4737-484d-b6f2-c1d32220dd20",
      "timestampUtcMs": "2025-08-27T20:30:54.293Z",
      "skip": 0,
      "type": "SET_INITIAL_STATE",
      "input": {
        "initialValue": "{\n  \"status\": \"DRAFT\",\n  \"proposer\": \"\",\n  \"payer\": \"\",\n  \"currency\": \"USD\",\n  \"paymentModel\": \"MILESTONE\",\n  \"totalAmount\": null,\n  \"milestoneSchedule\": [],\n  \"timeAndMaterials\": null,\n  \"escrowDetails\": null,\n  \"evaluation\": null,\n  \"bonusClauses\": [],\n  \"penaltyClauses\": []\n}",
        "scope": "global"
      },
      "hash": "xKl1EzHiYr9YKxFSVNC2bsytHDs=",
      "index": 61,
      "context": null,
      "action": {
        "timestampUtcMs": "2025-08-27T20:30:54.293Z",
        "type": "SET_INITIAL_STATE",
        "input": {
          "initialValue": "{\n  \"status\": \"DRAFT\",\n  \"proposer\": \"\",\n  \"payer\": \"\",\n  \"currency\": \"USD\",\n  \"paymentModel\": \"MILESTONE\",\n  \"totalAmount\": null,\n  \"milestoneSchedule\": [],\n  \"timeAndMaterials\": null,\n  \"escrowDetails\": null,\n  \"evaluation\": null,\n  \"bonusClauses\": [],\n  \"penaltyClauses\": []\n}",
          "scope": "global"
        },
        "context": null,
        "scope": "global"
      },
      "scope": "global",
      "branch": "main"
    }
  ],
  "local": []
}