{
  "global": [
    {
      "id": "3b8adc96-d493-413a-875b-fa3b74d1680a",
      "timestampUtcMs": "2025-09-24T13:11:46.502Z",
      "type": "SET_MODEL_NAME",
      "input": {
        "name": "Network Profile"
      },
      "scope": "global",
      "context": null,
      "action": {
        "type": "SET_MODEL_NAME",
        "input": {
          "name": "Network Profile"
        },
        "scope": "global",
        "context": null
      },
      "hash": "QBVggnh0i71fzKXfTD3raqXEQsA=",
      "index": 0,
      "skip": 0
    },
    {
      "id": "8e253f33-f68d-414e-8a97-17db6450a5da",
      "timestampUtcMs": "2025-09-24T13:11:46.505Z",
      "type": "SET_MODEL_ID",
      "input": {
        "id": "powerhouse/network-profile"
      },
      "scope": "global",
      "context": null,
      "action": {
        "type": "SET_MODEL_ID",
        "input": {
          "id": "powerhouse/network-profile"
        },
        "scope": "global",
        "context": null
      },
      "hash": "CJaRTwkCoibQs6Cm53NC2Au/F80=",
      "index": 1,
      "skip": 0
    },
    {
      "id": "213370f8-3a18-4203-b856-578ac1a42c6a",
      "timestampUtcMs": "2025-09-24T13:11:46.505Z",
      "type": "SET_MODEL_EXTENSION",
      "input": {
        "extension": "phnp"
      },
      "scope": "global",
      "context": null,
      "action": {
        "type": "SET_MODEL_EXTENSION",
        "input": {
          "extension": "phnp"
        },
        "scope": "global",
        "context": null
      },
      "hash": "54MMw0qUROQjs/DqQ89w/EyCeaM=",
      "index": 2,
      "skip": 0
    },
    {
      "id": "9ff67ebd-ba39-4ddc-8008-e3a3ca9c98cf",
      "timestampUtcMs": "2025-09-24T13:11:46.506Z",
      "type": "SET_MODEL_DESCRIPTION",
      "input": {
        "description": "Document model for managing network profile information including social media links and branding"
      },
      "scope": "global",
      "context": null,
      "action": {
        "type": "SET_MODEL_DESCRIPTION",
        "input": {
          "description": "Document model for managing network profile information including social media links and branding"
        },
        "scope": "global",
        "context": null
      },
      "hash": "ZGwlpPW84fE004d5yHpHMsh5mCE=",
      "index": 3,
      "skip": 0
    },
    {
      "id": "baa4cf0d-84b6-41de-9212-f766045ca267",
      "timestampUtcMs": "2025-09-24T13:11:46.506Z",
      "type": "SET_AUTHOR_NAME",
      "input": {
        "authorName": "Powerhouse"
      },
      "scope": "global",
      "context": null,
      "action": {
        "type": "SET_AUTHOR_NAME",
        "input": {
          "authorName": "Powerhouse"
        },
        "scope": "global",
        "context": null
      },
      "hash": "oCMnvBe48TFcanp/hv3FUlsg+74=",
      "index": 4,
      "skip": 0
    },
    {
      "id": "93e077b2-1e7f-485e-b028-023f0645811b",
      "timestampUtcMs": "2025-09-24T13:11:46.506Z",
      "type": "SET_AUTHOR_WEBSITE",
      "input": {
        "authorWebsite": "https://www.powerhouse.inc/"
      },
      "scope": "global",
      "context": null,
      "action": {
        "type": "SET_AUTHOR_WEBSITE",
        "input": {
          "authorWebsite": "https://www.powerhouse.inc/"
        },
        "scope": "global",
        "context": null
      },
      "hash": "nYJwpplCKEvrNbbgnO1Onv4pGQ4=",
      "index": 5,
      "skip": 0
    },
    {
      "id": "c259a035-345d-4924-a0cf-c026634ae06f",
      "timestampUtcMs": "2025-09-24T13:11:46.506Z",
      "type": "SET_STATE_SCHEMA",
      "input": {
        "schema": "type NetworkProfileState {\n  name: String\n  icon: String\n  logo: String\n  logoBig: String\n  website: String\n  description: String\n  category: String\n  x: String\n  github: String\n  discord: String\n  youtube: String\n}",
        "scope": "global"
      },
      "scope": "global",
      "context": null,
      "action": {
        "type": "SET_STATE_SCHEMA",
        "input": {
          "schema": "type NetworkProfileState {\n  name: String\n  icon: String\n  logo: String\n  logoBig: String\n  website: String\n  description: String\n  category: String\n  x: String\n  github: String\n  discord: String\n  youtube: String\n}",
          "scope": "global"
        },
        "scope": "global",
        "context": null
      },
      "hash": "5Qa/0vaUkuVYFxidMXZNNGU0nfM=",
      "index": 6,
      "skip": 0
    },
    {
      "id": "26a59a05-4cc1-47c4-a9f0-91a4cb72e591",
      "timestampUtcMs": "2025-09-24T13:11:46.507Z",
      "type": "SET_INITIAL_STATE",
      "input": {
        "initialValue": "{\n  \"name\": null,\n  \"icon\": null,\n  \"logo\": null,\n  \"logoBig\": null,\n  \"website\": null,\n  \"description\": null,\n  \"category\": null,\n  \"x\": null,\n  \"github\": null,\n  \"discord\": null,\n  \"youtube\": null\n}",
        "scope": "global"
      },
      "scope": "global",
      "context": null,
      "action": {
        "type": "SET_INITIAL_STATE",
        "input": {
          "initialValue": "{\n  \"name\": null,\n  \"icon\": null,\n  \"logo\": null,\n  \"logoBig\": null,\n  \"website\": null,\n  \"description\": null,\n  \"category\": null,\n  \"x\": null,\n  \"github\": null,\n  \"discord\": null,\n  \"youtube\": null\n}",
          "scope": "global"
        },
        "scope": "global",
        "context": null
      },
      "hash": "C0N2yn/W71WAyCn1MHlOcYYkKv8=",
      "index": 7,
      "skip": 0
    },
    {
      "id": "865b471b-90dc-4a5d-b796-65cab35e7714",
      "timestampUtcMs": "2025-09-24T13:11:46.507Z",
      "type": "ADD_MODULE",
      "input": {
        "description": "Operations for managing network profile information including basic details and social media links",
        "id": "network-profile-management",
        "name": "network-profile-management"
      },
      "scope": "global",
      "context": null,
      "action": {
        "type": "ADD_MODULE",
        "input": {
          "description": "Operations for managing network profile information including basic details and social media links",
          "id": "network-profile-management",
          "name": "network-profile-management"
        },
        "scope": "global",
        "context": null
      },
      "hash": "HSEuXh+RxZmQa9wKZaVEs2InCRU=",
      "index": 8,
      "skip": 0
    },
    {
      "id": "65d3219e-e797-4abe-8b9a-f9464b1e4eb4",
      "timestampUtcMs": "2025-09-24T13:11:46.508Z",
      "type": "ADD_OPERATION",
      "input": {
        "description": "Sets the name of the network profile",
        "id": "SET_NAME",
        "moduleId": "network-profile-management",
        "name": "SET_NAME",
        "reducer": "state.name = action.input.name || null;",
        "schema": "input SetNameInput {\n  name: String\n}",
        "template": "Sets the name of the network profile"
      },
      "scope": "global",
      "context": null,
      "action": {
        "type": "ADD_OPERATION",
        "input": {
          "description": "Sets the name of the network profile",
          "id": "SET_NAME",
          "moduleId": "network-profile-management",
          "name": "SET_NAME",
          "reducer": "state.name = action.input.name || null;",
          "schema": "input SetNameInput {\n  name: String\n}",
          "template": "Sets the name of the network profile"
        },
        "scope": "global",
        "context": null
      },
      "hash": "YVBDi090u9JKUi3ZbzVln96Xtkg=",
      "index": 9,
      "skip": 0
    },
    {
      "id": "859d1df5-dc33-441e-801c-8925637a28df",
      "timestampUtcMs": "2025-09-24T13:11:46.509Z",
      "type": "ADD_OPERATION",
      "input": {
        "description": "Sets the icon for the network profile",
        "id": "SET_ICON",
        "moduleId": "network-profile-management",
        "name": "SET_ICON",
        "reducer": "state.icon = action.input.icon || null;",
        "schema": "input SetIconInput {\n  icon: String\n}",
        "template": "Sets the icon for the network profile"
      },
      "scope": "global",
      "context": null,
      "action": {
        "type": "ADD_OPERATION",
        "input": {
          "description": "Sets the icon for the network profile",
          "id": "SET_ICON",
          "moduleId": "network-profile-management",
          "name": "SET_ICON",
          "reducer": "state.icon = action.input.icon || null;",
          "schema": "input SetIconInput {\n  icon: String\n}",
          "template": "Sets the icon for the network profile"
        },
        "scope": "global",
        "context": null
      },
      "hash": "VsW7JaYusoLAzvnmqITd8qUc80w=",
      "index": 10,
      "skip": 0
    },
    {
      "id": "6ef4cad6-d4c6-4de1-9ce5-f41cdb84bd45",
      "timestampUtcMs": "2025-09-24T13:11:46.509Z",
      "type": "ADD_OPERATION",
      "input": {
        "description": "Sets the logo for the network profile",
        "id": "SET_LOGO",
        "moduleId": "network-profile-management",
        "name": "SET_LOGO",
        "reducer": "state.logo = action.input.logo || null;",
        "schema": "input SetLogoInput {\n  logo: String\n}",
        "template": "Sets the logo for the network profile"
      },
      "scope": "global",
      "context": null,
      "action": {
        "type": "ADD_OPERATION",
        "input": {
          "description": "Sets the logo for the network profile",
          "id": "SET_LOGO",
          "moduleId": "network-profile-management",
          "name": "SET_LOGO",
          "reducer": "state.logo = action.input.logo || null;",
          "schema": "input SetLogoInput {\n  logo: String\n}",
          "template": "Sets the logo for the network profile"
        },
        "scope": "global",
        "context": null
      },
      "hash": "SLsYocp0MpkvMoLMeW9BcFdsyiI=",
      "index": 11,
      "skip": 0
    },
    {
      "id": "bce229c6-c781-49f4-8095-91cae49cc054",
      "timestampUtcMs": "2025-09-24T13:11:46.510Z",
      "type": "ADD_OPERATION",
      "input": {
        "description": "Sets the big logo for the network profile",
        "id": "SET_LOGO_BIG",
        "moduleId": "network-profile-management",
        "name": "SET_LOGO_BIG",
        "reducer": "state.logoBig = action.input.logoBig || null;",
        "schema": "input SetLogoBigInput {\n  logoBig: String\n}",
        "template": "Sets the big logo for the network profile"
      },
      "scope": "global",
      "context": null,
      "action": {
        "type": "ADD_OPERATION",
        "input": {
          "description": "Sets the big logo for the network profile",
          "id": "SET_LOGO_BIG",
          "moduleId": "network-profile-management",
          "name": "SET_LOGO_BIG",
          "reducer": "state.logoBig = action.input.logoBig || null;",
          "schema": "input SetLogoBigInput {\n  logoBig: String\n}",
          "template": "Sets the big logo for the network profile"
        },
        "scope": "global",
        "context": null
      },
      "hash": "LwsWZZv+Ifp5s1L9JQcXiEJ5cco=",
      "index": 12,
      "skip": 0
    },
    {
      "id": "315ed06e-9c05-4d37-8f96-1a1a365935b9",
      "timestampUtcMs": "2025-09-24T13:11:46.510Z",
      "type": "ADD_OPERATION",
      "input": {
        "description": "Sets the website URL for the network profile",
        "id": "SET_WEBSITE",
        "moduleId": "network-profile-management",
        "name": "SET_WEBSITE",
        "reducer": "state.website = action.input.website || null;",
        "schema": "input SetWebsiteInput {\n  website: String\n}",
        "template": "Sets the website URL for the network profile"
      },
      "scope": "global",
      "context": null,
      "action": {
        "type": "ADD_OPERATION",
        "input": {
          "description": "Sets the website URL for the network profile",
          "id": "SET_WEBSITE",
          "moduleId": "network-profile-management",
          "name": "SET_WEBSITE",
          "reducer": "state.website = action.input.website || null;",
          "schema": "input SetWebsiteInput {\n  website: String\n}",
          "template": "Sets the website URL for the network profile"
        },
        "scope": "global",
        "context": null
      },
      "hash": "Xo8o31Ba3O8fyewLByhgrHim51M=",
      "index": 13,
      "skip": 0
    },
    {
      "id": "4c219285-d772-486f-b695-1ac1f6e69963",
      "timestampUtcMs": "2025-09-24T13:11:46.510Z",
      "type": "ADD_OPERATION",
      "input": {
        "description": "Sets the description for the network profile",
        "id": "SET_DESCRIPTION",
        "moduleId": "network-profile-management",
        "name": "SET_DESCRIPTION",
        "reducer": "state.description = action.input.description || null;",
        "schema": "input SetDescriptionInput {\n  description: String\n}",
        "template": "Sets the description for the network profile"
      },
      "scope": "global",
      "context": null,
      "action": {
        "type": "ADD_OPERATION",
        "input": {
          "description": "Sets the description for the network profile",
          "id": "SET_DESCRIPTION",
          "moduleId": "network-profile-management",
          "name": "SET_DESCRIPTION",
          "reducer": "state.description = action.input.description || null;",
          "schema": "input SetDescriptionInput {\n  description: String\n}",
          "template": "Sets the description for the network profile"
        },
        "scope": "global",
        "context": null
      },
      "hash": "4yi6JBFgQRKm1PKwRxmKtbzDMhY=",
      "index": 14,
      "skip": 0
    },
    {
      "id": "2d79913e-358b-439c-bf4f-82313df0fd31",
      "timestampUtcMs": "2025-09-24T13:11:46.511Z",
      "type": "ADD_OPERATION",
      "input": {
        "description": "Sets the category for the network profile",
        "id": "SET_CATEGORY",
        "moduleId": "network-profile-management",
        "name": "SET_CATEGORY",
        "reducer": "state.category = action.input.category || null;",
        "schema": "input SetCategoryInput {\n  category: String\n}",
        "template": "Sets the category for the network profile"
      },
      "scope": "global",
      "context": null,
      "action": {
        "type": "ADD_OPERATION",
        "input": {
          "description": "Sets the category for the network profile",
          "id": "SET_CATEGORY",
          "moduleId": "network-profile-management",
          "name": "SET_CATEGORY",
          "reducer": "state.category = action.input.category || null;",
          "schema": "input SetCategoryInput {\n  category: String\n}",
          "template": "Sets the category for the network profile"
        },
        "scope": "global",
        "context": null
      },
      "hash": "xEHU141mm/+ddib+JEfYBNrXbBo=",
      "index": 15,
      "skip": 0
    },
    {
      "id": "81466117-a56c-44a2-ba87-9dea9516dc70",
      "timestampUtcMs": "2025-09-24T13:11:46.511Z",
      "type": "ADD_OPERATION",
      "input": {
        "moduleId": "network-profile-management",
        "id": "SET_X",
        "name": "SET_X",
        "description": "Sets the X (Twitter) handle for the network profile",
        "schema": "input SetXInput {\n  x: String\n}",
        "template": "Sets the X (Twitter) handle for the network profile",
        "reducer": "state.x = action.input.x || null;"
      },
      "scope": "global",
      "context": null,
      "action": {
        "type": "ADD_OPERATION",
        "input": {
          "moduleId": "network-profile-management",
          "id": "SET_X",
          "name": "SET_X",
          "description": "Sets the X (Twitter) handle for the network profile",
          "schema": "input SetXInput {\n  x: String\n}",
          "template": "Sets the X (Twitter) handle for the network profile",
          "reducer": "state.x = action.input.x || null;"
        },
        "scope": "global",
        "context": null
      },
      "hash": "NYiQ4Te9pduDy30xWFzBuJiEXI4=",
      "index": 16,
      "skip": 0
    },
    {
      "id": "e91fd211-d541-41c8-b5de-b4f001824de8",
      "timestampUtcMs": "2025-09-24T13:11:46.511Z",
      "type": "ADD_OPERATION",
      "input": {
        "moduleId": "network-profile-management",
        "id": "SET_GITHUB",
        "name": "SET_GITHUB",
        "description": "Sets the GitHub username for the network profile",
        "schema": "input SetGithubInput {\n  github: String\n}",
        "template": "Sets the GitHub username for the network profile",
        "reducer": "state.github = action.input.github || null;"
      },
      "scope": "global",
      "context": null,
      "action": {
        "type": "ADD_OPERATION",
        "input": {
          "moduleId": "network-profile-management",
          "id": "SET_GITHUB",
          "name": "SET_GITHUB",
          "description": "Sets the GitHub username for the network profile",
          "schema": "input SetGithubInput {\n  github: String\n}",
          "template": "Sets the GitHub username for the network profile",
          "reducer": "state.github = action.input.github || null;"
        },
        "scope": "global",
        "context": null
      },
      "hash": "27WkADE1pnrDqfY++kj1LyMojAo=",
      "index": 17,
      "skip": 0
    },
    {
      "id": "618c20b0-ec23-4e46-af1d-a3c86a62f335",
      "timestampUtcMs": "2025-09-24T13:11:46.512Z",
      "type": "ADD_OPERATION",
      "input": {
        "moduleId": "network-profile-management",
        "id": "SET_DISCORD",
        "name": "SET_DISCORD",
        "description": "Sets the Discord invite or username for the network profile",
        "schema": "input SetDiscordInput {\n  discord: String\n}",
        "template": "Sets the Discord invite or username for the network profile",
        "reducer": "state.discord = action.input.discord || null;"
      },
      "scope": "global",
      "context": null,
      "action": {
        "type": "ADD_OPERATION",
        "input": {
          "moduleId": "network-profile-management",
          "id": "SET_DISCORD",
          "name": "SET_DISCORD",
          "description": "Sets the Discord invite or username for the network profile",
          "schema": "input SetDiscordInput {\n  discord: String\n}",
          "template": "Sets the Discord invite or username for the network profile",
          "reducer": "state.discord = action.input.discord || null;"
        },
        "scope": "global",
        "context": null
      },
      "hash": "2BJoi4h5D0jGESMTOiCYE2HZZcw=",
      "index": 18,
      "skip": 0
    },
    {
      "id": "81af153a-96e8-4b32-afa2-4add83c062f0",
      "timestampUtcMs": "2025-09-24T13:11:46.512Z",
      "type": "ADD_OPERATION",
      "input": {
        "moduleId": "network-profile-management",
        "id": "SET_YOUTUBE",
        "name": "SET_YOUTUBE",
        "description": "Sets the YouTube channel for the network profile",
        "schema": "input SetYoutubeInput {\n  youtube: String\n}",
        "template": "Sets the YouTube channel for the network profile",
        "reducer": "state.youtube = action.input.youtube || null;"
      },
      "scope": "global",
      "context": null,
      "action": {
        "type": "ADD_OPERATION",
        "input": {
          "moduleId": "network-profile-management",
          "id": "SET_YOUTUBE",
          "name": "SET_YOUTUBE",
          "description": "Sets the YouTube channel for the network profile",
          "schema": "input SetYoutubeInput {\n  youtube: String\n}",
          "template": "Sets the YouTube channel for the network profile",
          "reducer": "state.youtube = action.input.youtube || null;"
        },
        "scope": "global",
        "context": null
      },
      "hash": "GQtpVGR4kutmjaAPe74UB9B5GJg=",
      "index": 19,
      "skip": 0
    },
    {
      "id": "190e837a-6457-44d2-b813-5742131374db",
      "timestampUtcMs": "2025-09-24T13:11:46.513Z",
      "type": "DELETE_OPERATION",
      "input": {
        "id": "SET_NAME"
      },
      "scope": "global",
      "context": null,
      "action": {
        "type": "DELETE_OPERATION",
        "input": {
          "id": "SET_NAME"
        },
        "scope": "global",
        "context": null
      },
      "hash": "HtNUxB1/+eZSeHV6BKAbIOCx+d4=",
      "index": 20,
      "skip": 0
    },
    {
      "id": "967c5959-1f9b-4b31-b400-3fb1000a20bb",
      "timestampUtcMs": "2025-09-24T13:11:46.513Z",
      "type": "ADD_OPERATION",
      "input": {
        "moduleId": "network-profile-management",
        "id": "SET_PROFILE_NAME",
        "name": "SET_PROFILE_NAME",
        "description": "Sets the name of the network profile",
        "schema": "input SetProfileNameInput {\n  name: String\n}",
        "template": "Sets the name of the network profile",
        "reducer": "state.name = action.input.name || null;"
      },
      "scope": "global",
      "context": null,
      "action": {
        "type": "ADD_OPERATION",
        "input": {
          "moduleId": "network-profile-management",
          "id": "SET_PROFILE_NAME",
          "name": "SET_PROFILE_NAME",
          "description": "Sets the name of the network profile",
          "schema": "input SetProfileNameInput {\n  name: String\n}",
          "template": "Sets the name of the network profile",
          "reducer": "state.name = action.input.name || null;"
        },
        "scope": "global",
        "context": null
      },
      "hash": "oIGUa4Qdzetn7uxXKXgOIeh4wPE=",
      "index": 21,
      "skip": 0
    },
    {
      "id": "c0d42077-b1b7-4c57-a22e-63bb86d17f83",
      "timestampUtcMs": "2025-09-24T13:11:46.514Z",
      "type": "SET_MODEL_EXTENSION",
      "input": {
        "extension": ".phdm"
      },
      "scope": "global",
      "action": {
        "id": "cf088c2c-b266-4bf3-98d7-c37995f8ba7c",
        "type": "SET_MODEL_EXTENSION",
        "input": {
          "extension": ".phdm"
        },
        "scope": "global"
      },
      "hash": "7ud1FvE7M9Wvyz+uL44kI2r+XX0=",
      "index": 22,
      "skip": 0
    },
    {
      "id": "b6ce4f8d-0be4-476b-b386-bf7529093893",
      "timestampUtcMs": "2025-09-24T13:11:46.514Z",
      "type": "SET_STATE_SCHEMA",
      "input": {
        "schema": "type NetworkProfileState {\n  name: String!\n  icon: String\n  logo: String\n  logoBig: String\n  website: String\n  description: String\n  category: String\n  x: String\n  github: String\n  discord: String\n  youtube: String\n}",
        "scope": "global"
      },
      "scope": "global",
      "action": {
        "id": "7099207c-a552-4fc8-8abf-1417c2e408bf",
        "type": "SET_STATE_SCHEMA",
        "input": {
          "schema": "type NetworkProfileState {\n  name: String!\n  icon: String\n  logo: String\n  logoBig: String\n  website: String\n  description: String\n  category: String\n  x: String\n  github: String\n  discord: String\n  youtube: String\n}",
          "scope": "global"
        },
        "scope": "global"
      },
      "hash": "MSmNqQ0nUYLeTtnJuBeDtm8bzUE=",
      "index": 23,
      "skip": 0
    },
    {
      "id": "7e2315cf-cc86-4534-a598-dd1c689242a1",
      "timestampUtcMs": "2025-09-24T13:11:46.515Z",
      "type": "SET_STATE_SCHEMA",
      "input": {
        "schema": "type NetworkProfileState {\n  name: String!\n  icon: String\n  logo: String\n  logoBig: String\n  website: String\n  description: String\n  category: String\n  x: String\n  github: String\n  discord: String\n  youtube: String\n}",
        "scope": "global"
      },
      "scope": "global",
      "action": {
        "id": "219b999a-43f4-4a15-8a0c-de7242cf09b5",
        "type": "SET_STATE_SCHEMA",
        "input": {
          "schema": "type NetworkProfileState {\n  name: String!\n  icon: String\n  logo: String\n  logoBig: String\n  website: String\n  description: String\n  category: String\n  x: String\n  github: String\n  discord: String\n  youtube: String\n}",
          "scope": "global"
        },
        "scope": "global"
      },
      "hash": "MSmNqQ0nUYLeTtnJuBeDtm8bzUE=",
      "index": 24,
      "skip": 0
    },
    {
      "id": "7f3891a7-98f4-47a2-8aef-0c659b5e081c",
      "timestampUtcMs": "2025-09-24T13:11:46.515Z",
      "type": "SET_STATE_SCHEMA",
      "input": {
        "schema": "type NetworkProfileState {\n  name: String!\n  icon: String!\n  logo: String!\n  logoBig: String!\n  website: String\n  description: String!\n  category: String\n  x: String\n  github: String\n  discord: String\n  youtube: String\n}",
        "scope": "global"
      },
      "scope": "global",
      "action": {
        "id": "e9202c66-da0a-4d3d-9041-7a420b071c13",
        "type": "SET_STATE_SCHEMA",
        "input": {
          "schema": "type NetworkProfileState {\n  name: String!\n  icon: String!\n  logo: String!\n  logoBig: String!\n  website: String\n  description: String!\n  category: String\n  x: String\n  github: String\n  discord: String\n  youtube: String\n}",
          "scope": "global"
        },
        "scope": "global"
      },
      "hash": "MhVKTMGJ/AmBRyH0R9X9UIHoIL0=",
      "index": 25,
      "skip": 0
    },
    {
      "id": "cefa5239-94e4-4812-8989-899bb102356e",
      "timestampUtcMs": "2025-09-24T13:11:46.515Z",
      "type": "SET_STATE_SCHEMA",
      "input": {
        "scope": "global",
        "schema": "enum NetworkCategory {\n  DEFI\n  OSS\n  CRYPTO\n  NGO\n  CHARITY\n}\n\ntype NetworkProfileState {\n  name: String\n  icon: String\n  logo: String\n  logoBig: String\n  website: String\n  description: String\n  category: NetworkCategory\n  x: String\n  github: String\n  discord: String\n  youtube: String\n}"
      },
      "scope": "global",
      "context": null,
      "action": {
        "type": "SET_STATE_SCHEMA",
        "input": {
          "scope": "global",
          "schema": "enum NetworkCategory {\n  DEFI\n  OSS\n  CRYPTO\n  NGO\n  CHARITY\n}\n\ntype NetworkProfileState {\n  name: String\n  icon: String\n  logo: String\n  logoBig: String\n  website: String\n  description: String\n  category: NetworkCategory\n  x: String\n  github: String\n  discord: String\n  youtube: String\n}"
        },
        "scope": "global",
        "context": null
      },
      "hash": "rUZmFAFtVsU2OKPN6UqANqVwF6o=",
      "index": 26,
      "skip": 0
    },
    {
      "id": "27e45244-459a-4900-b7a7-67e0f2e7adf5",
      "timestampUtcMs": "2025-09-24T13:11:46.515Z",
      "type": "SET_OPERATION_SCHEMA",
      "input": {
        "id": "SET_CATEGORY",
        "schema": "input SetCategoryInput {\n  category: NetworkCategory\n}"
      },
      "scope": "global",
      "context": null,
      "action": {
        "type": "SET_OPERATION_SCHEMA",
        "input": {
          "id": "SET_CATEGORY",
          "schema": "input SetCategoryInput {\n  category: NetworkCategory\n}"
        },
        "scope": "global",
        "context": null
      },
      "hash": "q2JoetSQfznEwHTHleo20Qe9JY0=",
      "index": 27,
      "skip": 0
    },
    {
      "id": "72883846-7d7f-4fb4-9177-30348cb3323b",
      "timestampUtcMs": "2025-09-24T13:11:46.516Z",
      "type": "SET_STATE_SCHEMA",
      "input": {
        "scope": "global",
        "schema": "enum NetworkCategory {\n  DEFI\n  OSS\n  CRYPTO\n  NGO\n  CHARITY\n}\n\ntype NetworkProfileState {\n  name: String!\n  icon: String!\n  logo: String!\n  logoBig: String!\n  website: String\n  description: String!\n  category: [NetworkCategory!]!\n  x: String\n  github: String\n  discord: String\n  youtube: String\n}"
      },
      "scope": "global",
      "context": null,
      "action": {
        "type": "SET_STATE_SCHEMA",
        "input": {
          "scope": "global",
          "schema": "enum NetworkCategory {\n  DEFI\n  OSS\n  CRYPTO\n  NGO\n  CHARITY\n}\n\ntype NetworkProfileState {\n  name: String!\n  icon: String!\n  logo: String!\n  logoBig: String!\n  website: String\n  description: String!\n  category: [NetworkCategory!]!\n  x: String\n  github: String\n  discord: String\n  youtube: String\n}"
        },
        "scope": "global",
        "context": null
      },
      "hash": "pRonTIKHa2v6AlqjcQLTsuU9fLw=",
      "index": 28,
      "skip": 0
    },
    {
      "id": "ee5952f0-83dd-4ec8-81b0-af4cf2b42039",
      "timestampUtcMs": "2025-09-24T13:11:46.516Z",
      "type": "SET_INITIAL_STATE",
      "input": {
        "scope": "global",
        "initialValue": "{\n  \"name\": \"\",\n  \"icon\": \"\",\n  \"logo\": \"\",\n  \"logoBig\": \"\",\n  \"website\": null,\n  \"description\": \"\",\n  \"category\": [],\n  \"x\": null,\n  \"github\": null,\n  \"discord\": null,\n  \"youtube\": null\n}"
      },
      "scope": "global",
      "context": null,
      "action": {
        "type": "SET_INITIAL_STATE",
        "input": {
          "scope": "global",
          "initialValue": "{\n  \"name\": \"\",\n  \"icon\": \"\",\n  \"logo\": \"\",\n  \"logoBig\": \"\",\n  \"website\": null,\n  \"description\": \"\",\n  \"category\": [],\n  \"x\": null,\n  \"github\": null,\n  \"discord\": null,\n  \"youtube\": null\n}"
        },
        "scope": "global",
        "context": null
      },
      "hash": "aSuc/yI+qCA9XjR7cXIw2l/GeOo=",
      "index": 29,
      "skip": 0
    },
    {
      "id": "7da01be5-9917-4508-8ab1-4e266f734770",
      "timestampUtcMs": "2025-09-24T13:11:46.516Z",
      "type": "SET_OPERATION_SCHEMA",
      "input": {
        "id": "SET_PROFILE_NAME",
        "schema": "input SetProfileNameInput {\n  name: String!\n}"
      },
      "scope": "global",
      "context": null,
      "action": {
        "type": "SET_OPERATION_SCHEMA",
        "input": {
          "id": "SET_PROFILE_NAME",
          "schema": "input SetProfileNameInput {\n  name: String!\n}"
        },
        "scope": "global",
        "context": null
      },
      "hash": "iLLE38WfgkFEdPcrt6CGJei3G98=",
      "index": 30,
      "skip": 0
    },
    {
      "id": "2ce38a73-0a08-480a-95b1-31e897e0863c",
      "timestampUtcMs": "2025-09-24T13:11:46.516Z",
      "type": "SET_OPERATION_SCHEMA",
      "input": {
        "id": "SET_ICON",
        "schema": "input SetIconInput {\n  icon: String!\n}"
      },
      "scope": "global",
      "context": null,
      "action": {
        "type": "SET_OPERATION_SCHEMA",
        "input": {
          "id": "SET_ICON",
          "schema": "input SetIconInput {\n  icon: String!\n}"
        },
        "scope": "global",
        "context": null
      },
      "hash": "dtxtyYhlnzPncKbMohHMPcQBI4Q=",
      "index": 31,
      "skip": 0
    },
    {
      "id": "065186b4-0d1c-4a19-90d1-0e0435990563",
      "timestampUtcMs": "2025-09-24T13:11:46.516Z",
      "type": "SET_OPERATION_SCHEMA",
      "input": {
        "id": "SET_LOGO",
        "schema": "input SetLogoInput {\n  logo: String!\n}"
      },
      "scope": "global",
      "context": null,
      "action": {
        "type": "SET_OPERATION_SCHEMA",
        "input": {
          "id": "SET_LOGO",
          "schema": "input SetLogoInput {\n  logo: String!\n}"
        },
        "scope": "global",
        "context": null
      },
      "hash": "OBuyqUqk7/unyIEQtC9ZYfy4QNU=",
      "index": 32,
      "skip": 0
    },
    {
      "id": "2e2f68a8-d28a-4569-8350-55f6541cb1be",
      "timestampUtcMs": "2025-09-24T13:11:46.517Z",
      "type": "SET_OPERATION_SCHEMA",
      "input": {
        "id": "SET_LOGO_BIG",
        "schema": "input SetLogoBigInput {\n  logoBig: String!\n}"
      },
      "scope": "global",
      "context": null,
      "action": {
        "type": "SET_OPERATION_SCHEMA",
        "input": {
          "id": "SET_LOGO_BIG",
          "schema": "input SetLogoBigInput {\n  logoBig: String!\n}"
        },
        "scope": "global",
        "context": null
      },
      "hash": "rzfWOyPSweeH8kC+tib5mCnEkAI=",
      "index": 33,
      "skip": 0
    },
    {
      "id": "c05d5c5b-e2c8-4695-879c-5ed1618ce126",
      "timestampUtcMs": "2025-09-24T13:11:46.517Z",
      "type": "SET_OPERATION_SCHEMA",
      "input": {
        "id": "SET_DESCRIPTION",
        "schema": "input SetDescriptionInput {\n  description: String!\n}"
      },
      "scope": "global",
      "context": null,
      "action": {
        "type": "SET_OPERATION_SCHEMA",
        "input": {
          "id": "SET_DESCRIPTION",
          "schema": "input SetDescriptionInput {\n  description: String!\n}"
        },
        "scope": "global",
        "context": null
      },
      "hash": "nrYgkJ0D/KFQMFBmcxKCpkQgzQQ=",
      "index": 34,
      "skip": 0
    },
    {
      "id": "f50a5407-f681-4721-a532-d6466cec3009",
      "timestampUtcMs": "2025-09-24T13:11:46.517Z",
      "type": "SET_OPERATION_SCHEMA",
      "input": {
        "id": "SET_CATEGORY",
        "schema": "input SetCategoryInput {\n  category: [NetworkCategory!]!\n}"
      },
      "scope": "global",
      "context": null,
      "action": {
        "type": "SET_OPERATION_SCHEMA",
        "input": {
          "id": "SET_CATEGORY",
          "schema": "input SetCategoryInput {\n  category: [NetworkCategory!]!\n}"
        },
        "scope": "global",
        "context": null
      },
      "hash": "19Y4+qU6S7a8HLeXkGlpSnW7eLs=",
      "index": 35,
      "skip": 0
    }
  ],
  "local": []
}