{
  "global": [
    {
      "id": "fdc03144-9fa3-456c-90c3-1c23e5078849",
      "timestamp": "2025-09-01T08:48:03.218Z",
      "skip": 0,
      "type": "SET_MODEL_NAME",
      "input": {
        "name": "Network Profile"
      },
      "hash": "QBVggnh0i71fzKXfTD3raqXEQsA=",
      "index": 0,
      "context": null,
      "action": {
        "timestamp": "2025-09-01T08:48:03.218Z",
        "type": "SET_MODEL_NAME",
        "input": {
          "name": "Network Profile"
        },
        "context": null,
        "scope": "global"
      },
      "scope": "global",
      "branch": "main"
    },
    {
      "id": "139cfa6d-640d-49b4-9e16-85a4fdf25b92",
      "timestamp": "2025-09-01T08:48:03.218Z",
      "skip": 0,
      "type": "SET_MODEL_ID",
      "input": {
        "id": "powerhouse/network-profile"
      },
      "hash": "CJaRTwkCoibQs6Cm53NC2Au/F80=",
      "index": 1,
      "context": null,
      "action": {
        "timestamp": "2025-09-01T08:48:03.218Z",
        "type": "SET_MODEL_ID",
        "input": {
          "id": "powerhouse/network-profile"
        },
        "context": null,
        "scope": "global"
      },
      "scope": "global",
      "branch": "main"
    },
    {
      "id": "47fa0a74-3c38-4ea5-b8bf-bf0ece96e1ab",
      "timestamp": "2025-09-01T08:48:03.218Z",
      "skip": 0,
      "type": "SET_MODEL_EXTENSION",
      "input": {
        "extension": "phnp"
      },
      "hash": "54MMw0qUROQjs/DqQ89w/EyCeaM=",
      "index": 2,
      "context": null,
      "action": {
        "timestamp": "2025-09-01T08:48:03.218Z",
        "type": "SET_MODEL_EXTENSION",
        "input": {
          "extension": "phnp"
        },
        "context": null,
        "scope": "global"
      },
      "scope": "global",
      "branch": "main"
    },
    {
      "id": "5af5efb4-e718-4986-b50d-66ab8c9cd5a0",
      "timestamp": "2025-09-01T08:48:03.218Z",
      "skip": 0,
      "type": "SET_MODEL_DESCRIPTION",
      "input": {
        "description": "Document model for managing network profile information including social media links and branding"
      },
      "hash": "ZGwlpPW84fE004d5yHpHMsh5mCE=",
      "index": 3,
      "context": null,
      "action": {
        "timestamp": "2025-09-01T08:48:03.218Z",
        "type": "SET_MODEL_DESCRIPTION",
        "input": {
          "description": "Document model for managing network profile information including social media links and branding"
        },
        "context": null,
        "scope": "global"
      },
      "scope": "global",
      "branch": "main"
    },
    {
      "id": "7ded4f59-9f11-4d1a-99d7-00d3389095ab",
      "timestamp": "2025-09-01T08:48:03.218Z",
      "skip": 0,
      "type": "SET_AUTHOR_NAME",
      "input": {
        "authorName": "Powerhouse"
      },
      "hash": "oCMnvBe48TFcanp/hv3FUlsg+74=",
      "index": 4,
      "context": null,
      "action": {
        "timestamp": "2025-09-01T08:48:03.218Z",
        "type": "SET_AUTHOR_NAME",
        "input": {
          "authorName": "Powerhouse"
        },
        "context": null,
        "scope": "global"
      },
      "scope": "global",
      "branch": "main"
    },
    {
      "id": "cdf2877d-28ec-42e7-afb7-5f7ace2d2f06",
      "timestamp": "2025-09-01T08:48:03.218Z",
      "skip": 0,
      "type": "SET_AUTHOR_WEBSITE",
      "input": {
        "authorWebsite": "https://www.powerhouse.inc/"
      },
      "hash": "nYJwpplCKEvrNbbgnO1Onv4pGQ4=",
      "index": 5,
      "context": null,
      "action": {
        "timestamp": "2025-09-01T08:48:03.218Z",
        "type": "SET_AUTHOR_WEBSITE",
        "input": {
          "authorWebsite": "https://www.powerhouse.inc/"
        },
        "context": null,
        "scope": "global"
      },
      "scope": "global",
      "branch": "main"
    },
    {
      "id": "705fceb8-ff36-4d97-8346-da01b1549e17",
      "timestamp": "2025-09-01T08:48:16.803Z",
      "skip": 0,
      "type": "SET_STATE_SCHEMA",
      "input": {
        "schema": "type NetworkProfileState {\n  name: String\n  icon: String\n  logo: String\n  logoBig: String\n  website: String\n  description: String\n  category: String\n  x: String\n  github: String\n  discord: String\n  youtube: String\n}",
        "scope": "global"
      },
      "hash": "5Qa/0vaUkuVYFxidMXZNNGU0nfM=",
      "index": 6,
      "context": null,
      "action": {
        "timestamp": "2025-09-01T08:48:16.803Z",
        "type": "SET_STATE_SCHEMA",
        "input": {
          "schema": "type NetworkProfileState {\n  name: String\n  icon: String\n  logo: String\n  logoBig: String\n  website: String\n  description: String\n  category: String\n  x: String\n  github: String\n  discord: String\n  youtube: String\n}",
          "scope": "global"
        },
        "context": null,
        "scope": "global"
      },
      "scope": "global",
      "branch": "main"
    },
    {
      "id": "d23f3486-99ff-45e3-8b69-cac26a1b23c3",
      "timestamp": "2025-09-01T08:48:16.803Z",
      "skip": 0,
      "type": "SET_INITIAL_STATE",
      "input": {
        "initialValue": "{\n  \"name\": null,\n  \"icon\": null,\n  \"logo\": null,\n  \"logoBig\": null,\n  \"website\": null,\n  \"description\": null,\n  \"category\": null,\n  \"x\": null,\n  \"github\": null,\n  \"discord\": null,\n  \"youtube\": null\n}",
        "scope": "global"
      },
      "hash": "C0N2yn/W71WAyCn1MHlOcYYkKv8=",
      "index": 7,
      "context": null,
      "action": {
        "timestamp": "2025-09-01T08:48:16.803Z",
        "type": "SET_INITIAL_STATE",
        "input": {
          "initialValue": "{\n  \"name\": null,\n  \"icon\": null,\n  \"logo\": null,\n  \"logoBig\": null,\n  \"website\": null,\n  \"description\": null,\n  \"category\": null,\n  \"x\": null,\n  \"github\": null,\n  \"discord\": null,\n  \"youtube\": null\n}",
          "scope": "global"
        },
        "context": null,
        "scope": "global"
      },
      "scope": "global",
      "branch": "main"
    },
    {
      "id": "4f0e8a82-2e14-4974-91ed-b780c6de1178",
      "timestamp": "2025-09-01T08:48:25.298Z",
      "skip": 0,
      "type": "ADD_MODULE",
      "input": {
        "description": "Operations for managing network profile information including basic details and social media links",
        "id": "network-profile-management",
        "name": "network-profile-management"
      },
      "hash": "HSEuXh+RxZmQa9wKZaVEs2InCRU=",
      "index": 8,
      "context": null,
      "action": {
        "timestamp": "2025-09-01T08:48:25.298Z",
        "type": "ADD_MODULE",
        "input": {
          "description": "Operations for managing network profile information including basic details and social media links",
          "id": "network-profile-management",
          "name": "network-profile-management"
        },
        "context": null,
        "scope": "global"
      },
      "scope": "global",
      "branch": "main"
    },
    {
      "id": "395182d1-e0ab-4fd1-a3f4-8abcb84ced20",
      "timestamp": "2025-09-01T08:48:34.112Z",
      "skip": 0,
      "type": "ADD_OPERATION",
      "input": {
        "description": "Sets the name of the network profile",
        "id": "SET_NAME",
        "moduleId": "network-profile-management",
        "name": "SET_NAME",
        "reducer": "state.name = action.input.name || null;",
        "schema": "input SetNameInput {\n  name: String\n}",
        "template": "Sets the name of the network profile"
      },
      "hash": "YVBDi090u9JKUi3ZbzVln96Xtkg=",
      "index": 9,
      "context": null,
      "action": {
        "timestamp": "2025-09-01T08:48:34.112Z",
        "type": "ADD_OPERATION",
        "input": {
          "description": "Sets the name of the network profile",
          "id": "SET_NAME",
          "moduleId": "network-profile-management",
          "name": "SET_NAME",
          "reducer": "state.name = action.input.name || null;",
          "schema": "input SetNameInput {\n  name: String\n}",
          "template": "Sets the name of the network profile"
        },
        "context": null,
        "scope": "global"
      },
      "scope": "global",
      "branch": "main"
    },
    {
      "id": "7b0d121e-2dfe-4f46-b8cd-5ea117525a59",
      "timestamp": "2025-09-01T08:48:34.112Z",
      "skip": 0,
      "type": "ADD_OPERATION",
      "input": {
        "description": "Sets the icon for the network profile",
        "id": "SET_ICON",
        "moduleId": "network-profile-management",
        "name": "SET_ICON",
        "reducer": "state.icon = action.input.icon || null;",
        "schema": "input SetIconInput {\n  icon: String\n}",
        "template": "Sets the icon for the network profile"
      },
      "hash": "VsW7JaYusoLAzvnmqITd8qUc80w=",
      "index": 10,
      "context": null,
      "action": {
        "timestamp": "2025-09-01T08:48:34.112Z",
        "type": "ADD_OPERATION",
        "input": {
          "description": "Sets the icon for the network profile",
          "id": "SET_ICON",
          "moduleId": "network-profile-management",
          "name": "SET_ICON",
          "reducer": "state.icon = action.input.icon || null;",
          "schema": "input SetIconInput {\n  icon: String\n}",
          "template": "Sets the icon for the network profile"
        },
        "context": null,
        "scope": "global"
      },
      "scope": "global",
      "branch": "main"
    },
    {
      "id": "6ab5e1c2-34a3-47fb-a157-68bfd99dec98",
      "timestamp": "2025-09-01T08:48:34.112Z",
      "skip": 0,
      "type": "ADD_OPERATION",
      "input": {
        "description": "Sets the logo for the network profile",
        "id": "SET_LOGO",
        "moduleId": "network-profile-management",
        "name": "SET_LOGO",
        "reducer": "state.logo = action.input.logo || null;",
        "schema": "input SetLogoInput {\n  logo: String\n}",
        "template": "Sets the logo for the network profile"
      },
      "hash": "SLsYocp0MpkvMoLMeW9BcFdsyiI=",
      "index": 11,
      "context": null,
      "action": {
        "timestamp": "2025-09-01T08:48:34.112Z",
        "type": "ADD_OPERATION",
        "input": {
          "description": "Sets the logo for the network profile",
          "id": "SET_LOGO",
          "moduleId": "network-profile-management",
          "name": "SET_LOGO",
          "reducer": "state.logo = action.input.logo || null;",
          "schema": "input SetLogoInput {\n  logo: String\n}",
          "template": "Sets the logo for the network profile"
        },
        "context": null,
        "scope": "global"
      },
      "scope": "global",
      "branch": "main"
    },
    {
      "id": "0997d6e5-8b63-4260-9e24-d7c112407206",
      "timestamp": "2025-09-01T08:48:34.112Z",
      "skip": 0,
      "type": "ADD_OPERATION",
      "input": {
        "description": "Sets the big logo for the network profile",
        "id": "SET_LOGO_BIG",
        "moduleId": "network-profile-management",
        "name": "SET_LOGO_BIG",
        "reducer": "state.logoBig = action.input.logoBig || null;",
        "schema": "input SetLogoBigInput {\n  logoBig: String\n}",
        "template": "Sets the big logo for the network profile"
      },
      "hash": "LwsWZZv+Ifp5s1L9JQcXiEJ5cco=",
      "index": 12,
      "context": null,
      "action": {
        "timestamp": "2025-09-01T08:48:34.112Z",
        "type": "ADD_OPERATION",
        "input": {
          "description": "Sets the big logo for the network profile",
          "id": "SET_LOGO_BIG",
          "moduleId": "network-profile-management",
          "name": "SET_LOGO_BIG",
          "reducer": "state.logoBig = action.input.logoBig || null;",
          "schema": "input SetLogoBigInput {\n  logoBig: String\n}",
          "template": "Sets the big logo for the network profile"
        },
        "context": null,
        "scope": "global"
      },
      "scope": "global",
      "branch": "main"
    },
    {
      "id": "72263440-5bb8-4699-a97f-09ec51ba16f8",
      "timestamp": "2025-09-01T08:48:40.670Z",
      "skip": 0,
      "type": "ADD_OPERATION",
      "input": {
        "description": "Sets the website URL for the network profile",
        "id": "SET_WEBSITE",
        "moduleId": "network-profile-management",
        "name": "SET_WEBSITE",
        "reducer": "state.website = action.input.website || null;",
        "schema": "input SetWebsiteInput {\n  website: String\n}",
        "template": "Sets the website URL for the network profile"
      },
      "hash": "Xo8o31Ba3O8fyewLByhgrHim51M=",
      "index": 13,
      "context": null,
      "action": {
        "timestamp": "2025-09-01T08:48:40.670Z",
        "type": "ADD_OPERATION",
        "input": {
          "description": "Sets the website URL for the network profile",
          "id": "SET_WEBSITE",
          "moduleId": "network-profile-management",
          "name": "SET_WEBSITE",
          "reducer": "state.website = action.input.website || null;",
          "schema": "input SetWebsiteInput {\n  website: String\n}",
          "template": "Sets the website URL for the network profile"
        },
        "context": null,
        "scope": "global"
      },
      "scope": "global",
      "branch": "main"
    },
    {
      "id": "889ff974-efea-4d4b-b8ce-d5b273963657",
      "timestamp": "2025-09-01T08:48:40.670Z",
      "skip": 0,
      "type": "ADD_OPERATION",
      "input": {
        "description": "Sets the description for the network profile",
        "id": "SET_DESCRIPTION",
        "moduleId": "network-profile-management",
        "name": "SET_DESCRIPTION",
        "reducer": "state.description = action.input.description || null;",
        "schema": "input SetDescriptionInput {\n  description: String\n}",
        "template": "Sets the description for the network profile"
      },
      "hash": "4yi6JBFgQRKm1PKwRxmKtbzDMhY=",
      "index": 14,
      "context": null,
      "action": {
        "timestamp": "2025-09-01T08:48:40.670Z",
        "type": "ADD_OPERATION",
        "input": {
          "description": "Sets the description for the network profile",
          "id": "SET_DESCRIPTION",
          "moduleId": "network-profile-management",
          "name": "SET_DESCRIPTION",
          "reducer": "state.description = action.input.description || null;",
          "schema": "input SetDescriptionInput {\n  description: String\n}",
          "template": "Sets the description for the network profile"
        },
        "context": null,
        "scope": "global"
      },
      "scope": "global",
      "branch": "main"
    },
    {
      "id": "84669749-eec5-455d-8336-158256ed4a2a",
      "timestamp": "2025-09-01T08:48:40.670Z",
      "skip": 0,
      "type": "ADD_OPERATION",
      "input": {
        "description": "Sets the category for the network profile",
        "id": "SET_CATEGORY",
        "moduleId": "network-profile-management",
        "name": "SET_CATEGORY",
        "reducer": "state.category = action.input.category || null;",
        "schema": "input SetCategoryInput {\n  category: String\n}",
        "template": "Sets the category for the network profile"
      },
      "hash": "xEHU141mm/+ddib+JEfYBNrXbBo=",
      "index": 15,
      "context": null,
      "action": {
        "timestamp": "2025-09-01T08:48:40.670Z",
        "type": "ADD_OPERATION",
        "input": {
          "description": "Sets the category for the network profile",
          "id": "SET_CATEGORY",
          "moduleId": "network-profile-management",
          "name": "SET_CATEGORY",
          "reducer": "state.category = action.input.category || null;",
          "schema": "input SetCategoryInput {\n  category: String\n}",
          "template": "Sets the category for the network profile"
        },
        "context": null,
        "scope": "global"
      },
      "scope": "global",
      "branch": "main"
    },
    {
      "id": "587027e5-923b-44ad-be40-613bad163642",
      "timestamp": "2025-09-01T08:48:48.858Z",
      "skip": 0,
      "type": "ADD_OPERATION",
      "input": {
        "moduleId": "network-profile-management",
        "id": "SET_X",
        "name": "SET_X",
        "description": "Sets the X (Twitter) handle for the network profile",
        "schema": "input SetXInput {\n  x: String\n}",
        "template": "Sets the X (Twitter) handle for the network profile",
        "reducer": "state.x = action.input.x || null;"
      },
      "hash": "NYiQ4Te9pduDy30xWFzBuJiEXI4=",
      "index": 16,
      "context": null,
      "action": {
        "timestamp": "2025-09-01T08:48:48.858Z",
        "type": "ADD_OPERATION",
        "input": {
          "moduleId": "network-profile-management",
          "id": "SET_X",
          "name": "SET_X",
          "description": "Sets the X (Twitter) handle for the network profile",
          "schema": "input SetXInput {\n  x: String\n}",
          "template": "Sets the X (Twitter) handle for the network profile",
          "reducer": "state.x = action.input.x || null;"
        },
        "context": null,
        "scope": "global"
      },
      "scope": "global",
      "branch": "main"
    },
    {
      "id": "0343a7bd-a46a-4f3a-9bce-3b6569148c00",
      "timestamp": "2025-09-01T08:48:48.858Z",
      "skip": 0,
      "type": "ADD_OPERATION",
      "input": {
        "moduleId": "network-profile-management",
        "id": "SET_GITHUB",
        "name": "SET_GITHUB",
        "description": "Sets the GitHub username for the network profile",
        "schema": "input SetGithubInput {\n  github: String\n}",
        "template": "Sets the GitHub username for the network profile",
        "reducer": "state.github = action.input.github || null;"
      },
      "hash": "27WkADE1pnrDqfY++kj1LyMojAo=",
      "index": 17,
      "context": null,
      "action": {
        "timestamp": "2025-09-01T08:48:48.858Z",
        "type": "ADD_OPERATION",
        "input": {
          "moduleId": "network-profile-management",
          "id": "SET_GITHUB",
          "name": "SET_GITHUB",
          "description": "Sets the GitHub username for the network profile",
          "schema": "input SetGithubInput {\n  github: String\n}",
          "template": "Sets the GitHub username for the network profile",
          "reducer": "state.github = action.input.github || null;"
        },
        "context": null,
        "scope": "global"
      },
      "scope": "global",
      "branch": "main"
    },
    {
      "id": "1d33b389-6d62-436b-9887-872d81978b7e",
      "timestamp": "2025-09-01T08:48:48.858Z",
      "skip": 0,
      "type": "ADD_OPERATION",
      "input": {
        "moduleId": "network-profile-management",
        "id": "SET_DISCORD",
        "name": "SET_DISCORD",
        "description": "Sets the Discord invite or username for the network profile",
        "schema": "input SetDiscordInput {\n  discord: String\n}",
        "template": "Sets the Discord invite or username for the network profile",
        "reducer": "state.discord = action.input.discord || null;"
      },
      "hash": "2BJoi4h5D0jGESMTOiCYE2HZZcw=",
      "index": 18,
      "context": null,
      "action": {
        "timestamp": "2025-09-01T08:48:48.858Z",
        "type": "ADD_OPERATION",
        "input": {
          "moduleId": "network-profile-management",
          "id": "SET_DISCORD",
          "name": "SET_DISCORD",
          "description": "Sets the Discord invite or username for the network profile",
          "schema": "input SetDiscordInput {\n  discord: String\n}",
          "template": "Sets the Discord invite or username for the network profile",
          "reducer": "state.discord = action.input.discord || null;"
        },
        "context": null,
        "scope": "global"
      },
      "scope": "global",
      "branch": "main"
    },
    {
      "id": "24d6eaa1-863e-4aa8-9451-e588a91d0fa1",
      "timestamp": "2025-09-01T08:48:48.858Z",
      "skip": 0,
      "type": "ADD_OPERATION",
      "input": {
        "moduleId": "network-profile-management",
        "id": "SET_YOUTUBE",
        "name": "SET_YOUTUBE",
        "description": "Sets the YouTube channel for the network profile",
        "schema": "input SetYoutubeInput {\n  youtube: String\n}",
        "template": "Sets the YouTube channel for the network profile",
        "reducer": "state.youtube = action.input.youtube || null;"
      },
      "hash": "GQtpVGR4kutmjaAPe74UB9B5GJg=",
      "index": 19,
      "context": null,
      "action": {
        "timestamp": "2025-09-01T08:48:48.858Z",
        "type": "ADD_OPERATION",
        "input": {
          "moduleId": "network-profile-management",
          "id": "SET_YOUTUBE",
          "name": "SET_YOUTUBE",
          "description": "Sets the YouTube channel for the network profile",
          "schema": "input SetYoutubeInput {\n  youtube: String\n}",
          "template": "Sets the YouTube channel for the network profile",
          "reducer": "state.youtube = action.input.youtube || null;"
        },
        "context": null,
        "scope": "global"
      },
      "scope": "global",
      "branch": "main"
    },
    {
      "id": "06f70796-08ee-4778-be11-cc58b0161152",
      "timestamp": "2025-09-01T08:49:22.548Z",
      "skip": 50,
      "type": "DELETE_OPERATION",
      "input": {
        "id": "SET_NAME"
      },
      "hash": "HtNUxB1/+eZSeHV6BKAbIOCx+d4=",
      "index": 70,
      "context": null,
      "action": {
        "timestamp": "2025-09-01T08:49:22.548Z",
        "type": "DELETE_OPERATION",
        "input": {
          "id": "SET_NAME"
        },
        "context": null,
        "scope": "global"
      },
      "scope": "global",
      "branch": "main"
    },
    {
      "id": "61bedb94-ee26-47e6-bf4c-438567288855",
      "timestamp": "2025-09-01T08:49:22.548Z",
      "skip": 0,
      "type": "ADD_OPERATION",
      "input": {
        "moduleId": "network-profile-management",
        "id": "SET_PROFILE_NAME",
        "name": "SET_PROFILE_NAME",
        "description": "Sets the name of the network profile",
        "schema": "input SetProfileNameInput {\n  name: String\n}",
        "template": "Sets the name of the network profile",
        "reducer": "state.name = action.input.name || null;"
      },
      "hash": "oIGUa4Qdzetn7uxXKXgOIeh4wPE=",
      "index": 71,
      "context": null,
      "action": {
        "timestamp": "2025-09-01T08:49:22.548Z",
        "type": "ADD_OPERATION",
        "input": {
          "moduleId": "network-profile-management",
          "id": "SET_PROFILE_NAME",
          "name": "SET_PROFILE_NAME",
          "description": "Sets the name of the network profile",
          "schema": "input SetProfileNameInput {\n  name: String\n}",
          "template": "Sets the name of the network profile",
          "reducer": "state.name = action.input.name || null;"
        },
        "context": null,
        "scope": "global"
      },
      "scope": "global",
      "branch": "main"
    },
    {
      "id": "7a12dc58-e5d6-4be3-811d-f0175d24ba76",
      "timestamp": "2025-09-01T08:52:23.342Z",
      "type": "SET_MODEL_EXTENSION",
      "input": {
        "extension": ".phdm"
      },
      "scope": "global",
      "action": {
        "id": "cf088c2c-b266-4bf3-98d7-c37995f8ba7c",
        "timestamp": "2025-09-01T08:52:23.342Z",
        "type": "SET_MODEL_EXTENSION",
        "input": {
          "extension": ".phdm"
        },
        "scope": "global"
      },
      "hash": "vgnzoh3qkfwtMBRCt9Pp2Ct3E58=",
      "index": 72,
      "skip": 0
    },
    {
      "id": "eca7f180-3f8a-4f48-9c7e-2a9ae220226a",
      "timestamp": "2025-09-02T09:35:20.037Z",
      "type": "SET_STATE_SCHEMA",
      "input": {
        "schema": "type NetworkProfileState {\n  name: String!\n  icon: String\n  logo: String\n  logoBig: String\n  website: String\n  description: String\n  category: String\n  x: String\n  github: String\n  discord: String\n  youtube: String\n}",
        "scope": "global"
      },
      "scope": "global",
      "action": {
        "id": "7099207c-a552-4fc8-8abf-1417c2e408bf",
        "timestamp": "2025-09-02T09:35:20.036Z",
        "type": "SET_STATE_SCHEMA",
        "input": {
          "schema": "type NetworkProfileState {\n  name: String!\n  icon: String\n  logo: String\n  logoBig: String\n  website: String\n  description: String\n  category: String\n  x: String\n  github: String\n  discord: String\n  youtube: String\n}",
          "scope": "global"
        },
        "scope": "global"
      },
      "hash": "MSmNqQ0nUYLeTtnJuBeDtm8bzUE=",
      "index": 73,
      "skip": 0
    },
    {
      "id": "5f81d452-ec46-4a6f-abe2-ca4f45d917ca",
      "timestamp": "2025-09-02T09:35:20.038Z",
      "type": "SET_STATE_SCHEMA",
      "input": {
        "schema": "type NetworkProfileState {\n  name: String!\n  icon: String\n  logo: String\n  logoBig: String\n  website: String\n  description: String\n  category: String\n  x: String\n  github: String\n  discord: String\n  youtube: String\n}",
        "scope": "global"
      },
      "scope": "global",
      "action": {
        "id": "219b999a-43f4-4a15-8a0c-de7242cf09b5",
        "timestamp": "2025-09-02T09:35:20.036Z",
        "type": "SET_STATE_SCHEMA",
        "input": {
          "schema": "type NetworkProfileState {\n  name: String!\n  icon: String\n  logo: String\n  logoBig: String\n  website: String\n  description: String\n  category: String\n  x: String\n  github: String\n  discord: String\n  youtube: String\n}",
          "scope": "global"
        },
        "scope": "global"
      },
      "hash": "MSmNqQ0nUYLeTtnJuBeDtm8bzUE=",
      "index": 74,
      "skip": 0
    },
    {
      "id": "713c9914-97cf-4521-a164-317a034c7afd",
      "timestamp": "2025-09-02T09:35:38.842Z",
      "type": "SET_STATE_SCHEMA",
      "input": {
        "schema": "type NetworkProfileState {\n  name: String!\n  icon: String!\n  logo: String!\n  logoBig: String!\n  website: String\n  description: String!\n  category: String\n  x: String\n  github: String\n  discord: String\n  youtube: String\n}",
        "scope": "global"
      },
      "scope": "global",
      "action": {
        "id": "e9202c66-da0a-4d3d-9041-7a420b071c13",
        "timestamp": "2025-09-02T09:35:38.842Z",
        "type": "SET_STATE_SCHEMA",
        "input": {
          "schema": "type NetworkProfileState {\n  name: String!\n  icon: String!\n  logo: String!\n  logoBig: String!\n  website: String\n  description: String!\n  category: String\n  x: String\n  github: String\n  discord: String\n  youtube: String\n}",
          "scope": "global"
        },
        "scope": "global"
      },
      "hash": "MhVKTMGJ/AmBRyH0R9X9UIHoIL0=",
      "index": 75,
      "skip": 0
    },
    {
      "id": "eca3ce31-7e3b-4513-b3d2-05bcd5520dc8",
      "timestamp": "2025-09-02T09:37:54.239Z",
      "skip": 0,
      "type": "SET_STATE_SCHEMA",
      "input": {
        "scope": "global",
        "schema": "enum NetworkCategory {\n  DEFI\n  OSS\n  CRYPTO\n  NGO\n  CHARITY\n}\n\ntype NetworkProfileState {\n  name: String\n  icon: String\n  logo: String\n  logoBig: String\n  website: String\n  description: String\n  category: NetworkCategory\n  x: String\n  github: String\n  discord: String\n  youtube: String\n}"
      },
      "hash": "iBdXgDHWnheYssTKWUmvxwZYW8M=",
      "index": 76,
      "context": null,
      "action": {
        "timestamp": "2025-09-02T09:37:54.239Z",
        "type": "SET_STATE_SCHEMA",
        "input": {
          "scope": "global",
          "schema": "enum NetworkCategory {\n  DEFI\n  OSS\n  CRYPTO\n  NGO\n  CHARITY\n}\n\ntype NetworkProfileState {\n  name: String\n  icon: String\n  logo: String\n  logoBig: String\n  website: String\n  description: String\n  category: NetworkCategory\n  x: String\n  github: String\n  discord: String\n  youtube: String\n}"
        },
        "context": null,
        "scope": "global"
      },
      "scope": "global",
      "branch": "main"
    },
    {
      "id": "eea24351-06c9-48a7-8885-ed70aec575cf",
      "timestamp": "2025-09-02T09:37:54.239Z",
      "skip": 0,
      "type": "SET_OPERATION_SCHEMA",
      "input": {
        "id": "SET_CATEGORY",
        "schema": "input SetCategoryInput {\n  category: NetworkCategory\n}"
      },
      "hash": "+cq5BS+ISlxTPZ2Zh1+zlT22is0=",
      "index": 77,
      "context": null,
      "action": {
        "timestamp": "2025-09-02T09:37:54.239Z",
        "type": "SET_OPERATION_SCHEMA",
        "input": {
          "id": "SET_CATEGORY",
          "schema": "input SetCategoryInput {\n  category: NetworkCategory\n}"
        },
        "context": null,
        "scope": "global"
      },
      "scope": "global",
      "branch": "main"
    },
    {
      "id": "c3f86332-7a55-460c-bd0a-b3129b5f7c27",
      "timestamp": "2025-09-02T09:39:07.258Z",
      "skip": 0,
      "type": "SET_STATE_SCHEMA",
      "input": {
        "scope": "global",
        "schema": "enum NetworkCategory {\n  DEFI\n  OSS\n  CRYPTO\n  NGO\n  CHARITY\n}\n\ntype NetworkProfileState {\n  name: String!\n  icon: String!\n  logo: String!\n  logoBig: String!\n  website: String\n  description: String!\n  category: [NetworkCategory!]!\n  x: String\n  github: String\n  discord: String\n  youtube: String\n}"
      },
      "hash": "dx2sfSTP433VarGxsvo4rlmL3hg=",
      "index": 78,
      "context": null,
      "action": {
        "timestamp": "2025-09-02T09:39:07.258Z",
        "type": "SET_STATE_SCHEMA",
        "input": {
          "scope": "global",
          "schema": "enum NetworkCategory {\n  DEFI\n  OSS\n  CRYPTO\n  NGO\n  CHARITY\n}\n\ntype NetworkProfileState {\n  name: String!\n  icon: String!\n  logo: String!\n  logoBig: String!\n  website: String\n  description: String!\n  category: [NetworkCategory!]!\n  x: String\n  github: String\n  discord: String\n  youtube: String\n}"
        },
        "context": null,
        "scope": "global"
      },
      "scope": "global",
      "branch": "main"
    },
    {
      "id": "cfa0d5d5-a679-49df-8118-d6ab006a6db6",
      "timestamp": "2025-09-02T09:39:07.258Z",
      "skip": 0,
      "type": "SET_INITIAL_STATE",
      "input": {
        "scope": "global",
        "initialValue": "{\n  \"name\": \"\",\n  \"icon\": \"\",\n  \"logo\": \"\",\n  \"logoBig\": \"\",\n  \"website\": null,\n  \"description\": \"\",\n  \"category\": [],\n  \"x\": null,\n  \"github\": null,\n  \"discord\": null,\n  \"youtube\": null\n}"
      },
      "hash": "ciEE+5Xe9YMxtZpT1CvEUJ02SJ0=",
      "index": 79,
      "context": null,
      "action": {
        "timestamp": "2025-09-02T09:39:07.258Z",
        "type": "SET_INITIAL_STATE",
        "input": {
          "scope": "global",
          "initialValue": "{\n  \"name\": \"\",\n  \"icon\": \"\",\n  \"logo\": \"\",\n  \"logoBig\": \"\",\n  \"website\": null,\n  \"description\": \"\",\n  \"category\": [],\n  \"x\": null,\n  \"github\": null,\n  \"discord\": null,\n  \"youtube\": null\n}"
        },
        "context": null,
        "scope": "global"
      },
      "scope": "global",
      "branch": "main"
    },
    {
      "id": "85353f47-3694-4744-83d4-2d7b2fb19358",
      "timestamp": "2025-09-02T09:39:20.944Z",
      "skip": 0,
      "type": "SET_OPERATION_SCHEMA",
      "input": {
        "id": "SET_PROFILE_NAME",
        "schema": "input SetProfileNameInput {\n  name: String!\n}"
      },
      "hash": "hDGpwEOTL5h34vrcvtR3nHYl13s=",
      "index": 80,
      "context": null,
      "action": {
        "timestamp": "2025-09-02T09:39:20.944Z",
        "type": "SET_OPERATION_SCHEMA",
        "input": {
          "id": "SET_PROFILE_NAME",
          "schema": "input SetProfileNameInput {\n  name: String!\n}"
        },
        "context": null,
        "scope": "global"
      },
      "scope": "global",
      "branch": "main"
    },
    {
      "id": "dbd083a6-bb94-4d7c-84b1-2db8eb6a3c7b",
      "timestamp": "2025-09-02T09:39:20.944Z",
      "skip": 0,
      "type": "SET_OPERATION_SCHEMA",
      "input": {
        "id": "SET_ICON",
        "schema": "input SetIconInput {\n  icon: String!\n}"
      },
      "hash": "VX064xMS4ypdolBD8/VaHbBeLgY=",
      "index": 81,
      "context": null,
      "action": {
        "timestamp": "2025-09-02T09:39:20.944Z",
        "type": "SET_OPERATION_SCHEMA",
        "input": {
          "id": "SET_ICON",
          "schema": "input SetIconInput {\n  icon: String!\n}"
        },
        "context": null,
        "scope": "global"
      },
      "scope": "global",
      "branch": "main"
    },
    {
      "id": "d852f606-f747-426f-991b-d54b83019242",
      "timestamp": "2025-09-02T09:39:20.944Z",
      "skip": 0,
      "type": "SET_OPERATION_SCHEMA",
      "input": {
        "id": "SET_LOGO",
        "schema": "input SetLogoInput {\n  logo: String!\n}"
      },
      "hash": "k+7Ino2IU/rVMl7ah8Pl2DkGsQQ=",
      "index": 82,
      "context": null,
      "action": {
        "timestamp": "2025-09-02T09:39:20.944Z",
        "type": "SET_OPERATION_SCHEMA",
        "input": {
          "id": "SET_LOGO",
          "schema": "input SetLogoInput {\n  logo: String!\n}"
        },
        "context": null,
        "scope": "global"
      },
      "scope": "global",
      "branch": "main"
    },
    {
      "id": "003dce99-7adc-43e5-b100-eb9066387798",
      "timestamp": "2025-09-02T09:39:20.944Z",
      "skip": 0,
      "type": "SET_OPERATION_SCHEMA",
      "input": {
        "id": "SET_LOGO_BIG",
        "schema": "input SetLogoBigInput {\n  logoBig: String!\n}"
      },
      "hash": "LL/9x9vHltFUWlPaHbBgeMQ9xb0=",
      "index": 83,
      "context": null,
      "action": {
        "timestamp": "2025-09-02T09:39:20.944Z",
        "type": "SET_OPERATION_SCHEMA",
        "input": {
          "id": "SET_LOGO_BIG",
          "schema": "input SetLogoBigInput {\n  logoBig: String!\n}"
        },
        "context": null,
        "scope": "global"
      },
      "scope": "global",
      "branch": "main"
    },
    {
      "id": "f7ec3c68-bc68-40f6-8e71-c991f9bd8e71",
      "timestamp": "2025-09-02T09:39:20.944Z",
      "skip": 0,
      "type": "SET_OPERATION_SCHEMA",
      "input": {
        "id": "SET_DESCRIPTION",
        "schema": "input SetDescriptionInput {\n  description: String!\n}"
      },
      "hash": "A2j60BLGOlsuO9lZMLVHY8OAmDA=",
      "index": 84,
      "context": null,
      "action": {
        "timestamp": "2025-09-02T09:39:20.944Z",
        "type": "SET_OPERATION_SCHEMA",
        "input": {
          "id": "SET_DESCRIPTION",
          "schema": "input SetDescriptionInput {\n  description: String!\n}"
        },
        "context": null,
        "scope": "global"
      },
      "scope": "global",
      "branch": "main"
    },
    {
      "id": "bf52df8a-a87f-4023-9572-361a40cdb27f",
      "timestamp": "2025-09-02T09:39:20.944Z",
      "skip": 0,
      "type": "SET_OPERATION_SCHEMA",
      "input": {
        "id": "SET_CATEGORY",
        "schema": "input SetCategoryInput {\n  category: [NetworkCategory!]!\n}"
      },
      "hash": "XZ/zVA7XA6EbK6Ylq5BZEbRaoXg=",
      "index": 85,
      "context": null,
      "action": {
        "timestamp": "2025-09-02T09:39:20.944Z",
        "type": "SET_OPERATION_SCHEMA",
        "input": {
          "id": "SET_CATEGORY",
          "schema": "input SetCategoryInput {\n  category: [NetworkCategory!]!\n}"
        },
        "context": null,
        "scope": "global"
      },
      "scope": "global",
      "branch": "main"
    }
  ],
  "local": []
}